"ID","electricity_consumption"
552,254.728453445224
553,213
554,216
555,205
556,245
557,267
558,221
559,223
560,236
561,244
562,250
563,230
564,238
565,254
566,235
567,248
568,257
569,240
570,230
571,231
572,284
573,252
574,247
575,263
576,234
577,271
578,253
579,236
580,237
581,228
582,235
583,225
584,213
585,212
586,224
587,209
588,203
589,216
590,206
591,204
592,199
593,205
594,211
595,246
596,226
597,259
598,251
599,214
600,246
601,216
602,208
603,223
604,230
605,216
606,211
607,228
608,210
609,211
610,209
611,212
612,257
613,263
614,229
615,231
616,248
617,267
618,236
619,280
620,255
621,263
622,247
623,216
624,225
625,261
626,220
627,211
628,216
629,226
630,215
631,216
632,203
633,210
634,214
635,208
636,220
637,241
638,241
639,229
640,230
641,247
642,220
643,225
644,238
645,210
646,226
647,239
648,212
649,223
650,227
651,215
652,209
653,233
654,221
655,215
656,262
657,226
658,227
659,222
660,220
661,211
662,214
663,204
664,195
665,206
666,215
667,208
668,206
669,206
670,213
671,212
672,213
673,211
674,210
675,204
676,215
677,203
678,208
679,202
680,197
681,238
682,207
683,238
684,231
685,216
686,219
687,220
688,215
689,207
690,200
691,200
692,212
693,209
694,208
695,207
696,211
697,209
698,210
699,209
700,215
701,218
702,219
703,208
704,207
705,201
706,211
707,199
708,206
709,211
710,202
711,200
712,209
713,205
714,203
715,200
716,204
717,206
718,268
719,238
720,247
721,243
722,219
723,240
724,234
725,234
726,292
727,256
728,232
729,257
730,229
731,231
732,220
733,219
734,238
735,207
736,201
737,211
738,210
739,218
740,212
741,211
742,213
743,210
1296,335
1297,320
1298,245
1299,303
1300,279
1301,233
1302,239
1303,222
1304,196
1305,214
1306,240
1307,219
1308,221
1309,182
1310,220
1311,186
1312,209
1313,183
1314,239
1315,191
1316,312
1317,294
1318,258
1319,280
1320,624
1321,564
1322,648
1323,642
1324,583
1325,621
1326,624
1327,630
1328,599
1329,620
1330,602
1331,604
1332,593
1333,569
1334,547
1335,626
1336,596
1337,566
1338,553
1339,561
1340,568
1341,573
1342,565
1343,548
1344,549
1345,550
1346,554
1347,565
1348,627
1349,694
1350,702
1351,671
1352,688
1353,686
1354,678
1355,705
1356,631
1357,635
1358,626
1359,639
1360,624
1361,635
1362,628
1363,651
1364,595
1365,646
1366,632
1367,627
1368,630
1369,633
1370,635
1371,645
1372,654
1373,622
1374,674
1375,683
1376,704
1377,678
1378,660
1379,566
1380,599
1381,561
1382,598
1383,587
1384,546
1385,551
1386,538
1387,530
1388,532
1389,571
1390,627
1391,625
1392,616
1393,584
1394,627
1395,579
1396,604
1397,603
1398,574
1399,562
1400,576
1401,566
1402,576
1403,575
1404,545
1405,536
1406,556
1407,539
1408,538
1409,538
1410,547
1411,533
1412,539
1413,538
1414,530
1415,551
1416,560
1417,573
1418,614
1419,616
1420,574
1421,597
1422,568
1423,563
1424,556
1425,554
1426,545
1427,556
1428,545
1429,532
1430,531
1431,544
1432,536
1433,527
1434,531
1435,551
1436,538
1437,543
1438,542
1439,536
1440,544
1441,541
1442,540
1443,595
1444,595
1445,595
1446,599
1447,612
1448,599
1449,572
1450,575
1451,552
1452,566
1453,571
1454,538
1455,534
1456,531
1457,557
1458,532
1459,538
1460,545
1461,551
1462,536
1463,535
1464,549
1465,545
1466,543
1467,539
1468,554
1469,562
1470,575
1471,540
1472,546
1473,539
1474,531
1475,548
1476,539
1477,530
1478,538
1479,530
1480,532
1481,529
1482,536
1483,535
1484,531
1485,534
1486,599
1487,598
2040,211
2041,206
2042,214
2043,220
2044,222
2045,212
2046,217
2047,225
2048,222
2049,235
2050,239
2051,226
2052,265
2053,244
2054,242
2055,236
2056,239
2057,256
2058,241
2059,212
2060,241
2061,225
2062,256
2063,259
2064,242
2065,250
2066,250
2067,264
2068,256
2069,295
2070,260
2071,260
2072,231
2073,273
2074,252
2075,237
2076,262
2077,258
2078,238
2079,235
2080,190
2081,240
2082,262
2083,249
2084,303
2085,291
2086,313
2087,266
2088,275
2089,269
2090,360
2091,350
2092,341
2093,286
2094,344
2095,343
2096,319
2097,346
2098,345
2099,312
2100,258
2101,312
2102,272
2103,263
2104,212
2105,224
2106,247
2107,219
2108,211
2109,219
2110,236
2111,284
2112,308
2113,310
2114,298
2115,318
2116,294
2117,320
2118,327
2119,307
2120,291
2121,325
2122,325
2123,245
2124,305
2125,249
2126,243
2127,226
2128,233
2129,220
2130,236
2131,234
2132,330
2133,322
2134,301
2135,334
2136,294
2137,317
2138,288
2139,329
2140,333
2141,337
2142,331
2143,354
2144,314
2145,304
2146,308
2147,327
2148,317
2149,302
2150,295
2151,306
2152,292
2153,278
2154,302
2155,334
2156,303
2157,319
2158,331
2159,294
2160,313
2161,311
2162,284
2163,271
2164,246
2165,247
2166,242
2167,214
2168,274
2169,199
2170,214
2171,210
2172,212
2173,201
2174,205
2175,232
2176,303
2177,280
2178,312
2179,354
2180,347
2181,370
2182,383
2183,384
2184,321
2185,316
2186,354
2187,376
2188,354
2189,323
2190,298
2191,300
2192,269
2193,276
2194,284
2195,300
2196,275
2197,221
2198,204
2199,230
2200,214
2201,218
2202,231
2203,297
2204,326
2205,310
2206,252
2207,279
2760,269
2761,260
2762,259
2763,263
2764,277
2765,293
2766,298
2767,265
2768,285
2769,292
2770,275
2771,254
2772,270
2773,267
2774,265
2775,283
2776,282
2777,291
2778,270
2779,267
2780,245
2781,291
2782,305
2783,272
2784,253
2785,268
2786,253
2787,289
2788,260
2789,232
2790,196
2791,249
2792,252
2793,250
2794,251
2795,263
2796,263
2797,249
2798,224
2799,213
2800,253
2801,275
2802,270
2803,248
2804,262
2805,263
2806,263
2807,247
2808,302
2809,304
2810,302
2811,319
2812,327
2813,334
2814,350
2815,321
2816,339
2817,316
2818,270
2819,323
2820,314
2821,330
2822,326
2823,294
2824,309
2825,309
2826,308
2827,316
2828,317
2829,329
2830,358
2831,329
2832,347
2833,339
2834,323
2835,328
2836,328
2837,353
2838,348
2839,327
2840,336
2841,337
2842,334
2843,325
2844,336
2845,330
2846,342
2847,321
2848,327
2849,334
2850,315
2851,323
2852,312
2853,293
2854,328
2855,332
2856,326
2857,327
2858,333
2859,330
2860,330
2861,302
2862,317
2863,351
2864,290
2865,327
2866,326
2867,311
2868,280
2869,262
2870,319
2871,347
2872,259
2873,307
2874,280
2875,248
2876,266
2877,249
2878,276
2879,240
2880,228
2881,292
2882,244
2883,230
2884,234
2885,223
2886,268
2887,232
2888,217
2889,229
2890,267
2891,228
2892,247
2893,223
2894,190
2895,234
2896,236
2897,233
2898,226
2899,275
2900,291
2901,284
2902,284
2903,326
2904,328
2905,301
2906,276
2907,278
2908,326
2909,312
2910,306
2911,264
2912,303
2913,270
2914,276
2915,262
2916,254
2917,273
2918,261
2919,292
2920,296
2921,286
2922,299
2923,341
2924,286
2925,278
2926,249
2927,284
2928,250
2929,283
2930,299
2931,291
2932,272
2933,266
2934,268
2935,289
2936,318
2937,305
2938,324
2939,308
2940,325
2941,293
2942,306
2943,287
2944,306
2945,267
2946,288
2947,298
2948,286
2949,265
2950,280
2951,310
3504,360
3505,333
3506,326
3507,339
3508,363
3509,345
3510,343
3511,290
3512,298
3513,329
3514,306
3515,320
3516,308
3517,321
3518,343
3519,339
3520,359
3521,355
3522,360
3523,376
3524,357
3525,366
3526,377
3527,360
3528,269
3529,272
3530,278
3531,274
3532,302
3533,294
3534,311
3535,306
3536,293
3537,293
3538,296
3539,287
3540,247
3541,249
3542,255
3543,249
3544,246
3545,257
3546,237
3547,256
3548,244
3549,230
3550,242
3551,242
3552,317
3553,328
3554,320
3555,331
3556,362
3557,343
3558,337
3559,345
3560,346
3561,342
3562,343
3563,342
3564,344
3565,336
3566,336
3567,353
3568,339
3569,343
3570,321
3571,329
3572,341
3573,343
3574,336
3575,331
3576,340
3577,333
3578,331
3579,341
3580,333
3581,328
3582,334
3583,343
3584,350
3585,336
3586,337
3587,339
3588,320
3589,317
3590,329
3591,271
3592,282
3593,314
3594,321
3595,308
3596,313
3597,328
3598,284
3599,315
3600,322
3601,306
3602,294
3603,315
3604,311
3605,290
3606,306
3607,298
3608,325
3609,293
3610,304
3611,296
3612,291
3613,287
3614,313
3615,283
3616,283
3617,276
3618,269
3619,262
3620,274
3621,286
3622,287
3623,293
3624,285
3625,289
3626,282
3627,294
3628,279
3629,275
3630,272
3631,276
3632,277
3633,286
3634,273
3635,281
3636,307
3637,288
3638,266
3639,298
3640,280
3641,291
3642,340
3643,313
3644,305
3645,311
3646,322
3647,306
3648,312
3649,303
3650,307
3651,307
3652,318
3653,331
3654,339
3655,340
3656,345
3657,336
3658,320
3659,337
3660,303
3661,309
3662,298
3663,336
3664,283
3665,283
3666,315
3667,306
3668,309
3669,310
3670,325
3671,309
4224,645
4225,667
4226,669
4227,672
4228,644
4229,644
4230,599
4231,610
4232,605
4233,569
4234,536
4235,521
4236,551
4237,548
4238,571
4239,612
4240,577
4241,576
4242,574
4243,562
4244,583
4245,615
4246,600
4247,582
4248,315
4249,305
4250,278
4251,286
4252,322
4253,300
4254,314
4255,327
4256,267
4257,326
4258,266
4259,280
4260,297
4261,298
4262,315
4263,298
4264,344
4265,294
4266,279
4267,293
4268,292
4269,300
4270,299
4271,324
4272,292
4273,285
4274,262
4275,255
4276,288
4277,282
4278,256
4279,276
4280,293
4281,265
4282,259
4283,296
4284,291
4285,302
4286,291
4287,307
4288,271
4289,260
4290,288
4291,263
4292,279
4293,259
4294,260
4295,258
4296,269
4297,277
4298,270
4299,280
4300,282
4301,280
4302,271
4303,293
4304,279
4305,312
4306,282
4307,297
4308,281
4309,266
4310,281
4311,253
4312,267
4313,262
4314,266
4315,275
4316,275
4317,282
4318,289
4319,295
4320,290
4321,300
4322,290
4323,276
4324,288
4325,276
4326,275
4327,284
4328,264
4329,307
4330,287
4331,302
4332,303
4333,281
4334,281
4335,280
4336,294
4337,296
4338,289
4339,292
4340,325
4341,290
4342,279
4343,315
4344,299
4345,284
4346,306
4347,295
4348,295
4349,299
4350,302
4351,300
4352,297
4353,281
4354,283
4355,294
4356,286
4357,286
4358,288
4359,300
4360,294
4361,301
4362,296
4363,282
4364,302
4365,301
4366,288
4367,274
4368,302
4369,282
4370,299
4371,286
4372,294
4373,311
4374,288
4375,269
4376,297
4377,275
4378,293
4379,290
4380,286
4381,282
4382,324
4383,292
4384,288
4385,295
4386,293
4387,286
4388,288
4389,273
4390,291
4391,312
4392,294
4393,301
4394,300
4395,308
4396,293
4397,272
4398,280
4399,295
4400,258
4401,279
4402,267
4403,248
4404,265
4405,257
4406,258
4407,273
4408,248
4409,270
4410,263
4411,280
4412,295
4413,245
4414,268
4415,285
4968,300
4969,280
4970,296
4971,272
4972,279
4973,299
4974,273
4975,319
4976,278
4977,287
4978,343
4979,308
4980,288
4981,283
4982,335
4983,276
4984,295
4985,368
4986,307
4987,295
4988,291
4989,319
4990,304
4991,306
4992,298
4993,309
4994,317
4995,286
4996,300
4997,366
4998,315
4999,296
5000,312
5001,341
5002,293
5003,300
5004,303
5005,353
5006,343
5007,311
5008,287
5009,308
5010,309
5011,357
5012,304
5013,354
5014,356
5015,324
5016,411
5017,347
5018,389
5019,385
5020,314
5021,398
5022,331
5023,335
5024,410
5025,286
5026,296
5027,320
5028,288
5029,304
5030,293
5031,303
5032,296
5033,287
5034,296
5035,305
5036,286
5037,274
5038,293
5039,295
5040,285
5041,254
5042,241
5043,235
5044,264
5045,275
5046,252
5047,279
5048,271
5049,292
5050,271
5051,307
5052,301
5053,288
5054,320
5055,333
5056,274
5057,265
5058,300
5059,313
5060,296
5061,316
5062,317
5063,339
5064,267
5065,275
5066,271
5067,281
5068,259
5069,248
5070,248
5071,259
5072,253
5073,265
5074,270
5075,272
5076,249
5077,259
5078,256
5079,269
5080,256
5081,271
5082,275
5083,275
5084,277
5085,279
5086,310
5087,255
5088,279
5089,261
5090,315
5091,244
5092,263
5093,242
5094,282
5095,280
5096,258
5097,308
5098,322
5099,326
5100,301
5101,309
5102,262
5103,313
5104,285
5105,269
5106,273
5107,266
5108,303
5109,302
5110,325
5111,353
5112,281
5113,303
5114,281
5115,262
5116,257
5117,252
5118,264
5119,253
5120,269
5121,277
5122,317
5123,273
5124,229
5125,235
5126,230
5127,241
5128,227
5129,239
5130,252
5131,285
5132,250
5133,245
5134,260
5135,244
5136,271
5137,247
5138,268
5139,252
5140,247
5141,253
5142,245
5143,264
5144,269
5145,251
5146,275
5147,298
5148,252
5149,258
5150,243
5151,261
5152,230
5153,253
5154,252
5155,293
5156,291
5157,261
5158,249
5159,257
5712,252
5713,275
5714,272
5715,271
5716,249
5717,251
5718,246
5719,256
5720,294
5721,268
5722,289
5723,274
5724,269
5725,265
5726,313
5727,249
5728,224
5729,229
5730,242
5731,249
5732,250
5733,241
5734,244
5735,240
5736,271
5737,275
5738,278
5739,264
5740,271
5741,286
5742,292
5743,282
5744,271
5745,288
5746,315
5747,311
5748,297
5749,293
5750,294
5751,288
5752,303
5753,318
5754,279
5755,291
5756,288
5757,283
5758,283
5759,281
5760,302
5761,306
5762,295
5763,297
5764,297
5765,300
5766,298
5767,303
5768,286
5769,306
5770,289
5771,300
5772,285
5773,290
5774,297
5775,293
5776,304
5777,273
5778,275
5779,276
5780,270
5781,292
5782,281
5783,281
5784,299
5785,288
5786,277
5787,282
5788,276
5789,292
5790,286
5791,295
5792,291
5793,309
5794,322
5795,328
5796,345
5797,313
5798,334
5799,342
5800,351
5801,354
5802,345
5803,306
5804,286
5805,280
5806,294
5807,280
5808,313
5809,308
5810,318
5811,320
5812,306
5813,323
5814,306
5815,338
5816,312
5817,303
5818,322
5819,323
5820,315
5821,331
5822,331
5823,310
5824,326
5825,318
5826,375
5827,331
5828,307
5829,334
5830,309
5831,314
6384,224
6385,238
6386,240
6387,238
6388,227
6389,266
6390,230
6391,214
6392,233
6393,295
6394,252
6395,263
6396,254
6397,274
6398,228
6399,248
6400,231
6401,245
6402,227
6403,280
6404,287
6405,275
6406,240
6407,235
6408,253
6409,243
6410,238
6411,241
6412,237
6413,242
6414,233
6415,233
6416,231
6417,233
6418,263
6419,254
6420,310
6421,248
6422,285
6423,244
6424,240
6425,243
6426,249
6427,295
6428,235
6429,243
6430,256
6431,240
6432,296
6433,302
6434,288
6435,298
6436,284
6437,298
6438,294
6439,302
6440,293
6441,320
6442,303
6443,311
6444,313
6445,334
6446,302
6447,301
6448,268
6449,274
6450,283
6451,279
6452,273
6453,301
6454,281
6455,282
6456,257
6457,244
6458,231
6459,234
6460,241
6461,243
6462,254
6463,232
6464,250
6465,257
6466,250
6467,281
6468,235
6469,266
6470,255
6471,262
6472,260
6473,289
6474,272
6475,275
6476,274
6477,279
6478,295
6479,303
6480,230
6481,243
6482,234
6483,226
6484,237
6485,220
6486,228
6487,225
6488,216
6489,222
6490,228
6491,214
6492,219
6493,233
6494,220
6495,240
6496,215
6497,233
6498,250
6499,242
6500,239
6501,244
6502,253
6503,248
6504,398
6505,412
6506,391
6507,377
6508,352
6509,329
6510,325
6511,307
6512,324
6513,345
6514,334
6515,327
6516,324
6517,324
6518,317
6519,325
6520,319
6521,317
6522,315
6523,322
6524,333
6525,330
6526,359
6527,346
6528,337
6529,337
6530,351
6531,339
6532,333
6533,348
6534,342
6535,329
6536,330
6537,315
6538,310
6539,336
6540,324
6541,326
6542,329
6543,321
6544,316
6545,330
6546,334
6547,333
6548,362
6549,353
6550,347
6551,395
6552,327
6553,364
6554,337
6555,347
6556,336
6557,357
6558,341
6559,366
6560,315
6561,351
6562,307
6563,309
6564,316
6565,293
6566,328
6567,329
6568,318
6569,341
6570,327
6571,329
6572,332
6573,325
6574,345
6575,357
7128,325
7129,331
7130,334
7131,362
7132,351
7133,317
7134,364
7135,329
7136,362
7137,300
7138,259
7139,294
7140,276
7141,305
7142,258
7143,313
7144,268
7145,279
7146,292
7147,269
7148,278
7149,276
7150,305
7151,303
7152,308
7153,284
7154,279
7155,282
7156,292
7157,283
7158,286
7159,291
7160,295
7161,285
7162,275
7163,304
7164,322
7165,319
7166,320
7167,317
7168,324
7169,320
7170,300
7171,324
7172,330
7173,300
7174,312
7175,329
7176,238
7177,227
7178,241
7179,224
7180,226
7181,208
7182,236
7183,201
7184,225
7185,248
7186,233
7187,239
7188,239
7189,226
7190,206
7191,196
7192,290
7193,245
7194,272
7195,237
7196,222
7197,225
7198,219
7199,232
7200,233
7201,213
7202,232
7203,232
7204,204
7205,224
7206,219
7207,222
7208,231
7209,230
7210,226
7211,262
7212,263
7213,250
7214,289
7215,301
7216,284
7217,304
7218,303
7219,308
7220,345
7221,309
7222,320
7223,329
7224,248
7225,239
7226,209
7227,243
7228,213
7229,238
7230,238
7231,245
7232,270
7233,264
7234,240
7235,247
7236,278
7237,249
7238,239
7239,227
7240,255
7241,211
7242,223
7243,226
7244,219
7245,223
7246,241
7247,246
7248,265
7249,269
7250,231
7251,179
7252,221
7253,227
7254,199
7255,256
7256,231
7257,233
7258,221
7259,295
7260,281
7261,265
7262,234
7263,266
7264,233
7265,238
7266,205
7267,227
7268,221
7269,226
7270,248
7271,235
7272,211
7273,255
7274,294
7275,278
7276,264
7277,247
7278,260
7279,279
7280,289
7281,280
7282,262
7283,308
7284,283
7285,291
7286,272
7287,239
7288,283
7289,255
7290,253
7291,270
7292,292
7293,276
7294,259
7295,273
7848,269
7849,276
7850,266
7851,269
7852,267
7853,280
7854,259
7855,272
7856,287
7857,274
7858,278
7859,262
7860,286
7861,281
7862,279
7863,310
7864,272
7865,294
7866,299
7867,295
7868,289
7869,275
7870,281
7871,242
7872,251
7873,231
7874,288
7875,257
7876,256
7877,237
7878,231
7879,257
7880,246
7881,286
7882,308
7883,297
7884,253
7885,293
7886,254
7887,306
7888,277
7889,297
7890,275
7891,293
7892,280
7893,277
7894,286
7895,293
7896,275
7897,281
7898,294
7899,273
7900,250
7901,244
7902,264
7903,261
7904,250
7905,269
7906,241
7907,249
7908,235
7909,240
7910,248
7911,241
7912,254
7913,264
7914,282
7915,271
7916,275
7917,244
7918,281
7919,296
7920,257
7921,279
7922,257
7923,250
7924,235
7925,239
7926,228
7927,218
7928,239
7929,198
7930,222
7931,250
7932,233
7933,199
7934,201
7935,239
7936,245
7937,244
7938,267
7939,243
7940,263
7941,238
7942,257
7943,256
7944,284
7945,255
7946,241
7947,214
7948,246
7949,249
7950,220
7951,244
7952,228
7953,227
7954,257
7955,240
7956,213
7957,227
7958,218
7959,215
7960,201
7961,212
7962,217
7963,208
7964,205
7965,266
7966,236
7967,228
7968,228
7969,272
7970,255
7971,255
7972,267
7973,315
7974,217
7975,315
7976,224
7977,309
7978,237
7979,224
7980,233
7981,234
7982,212
7983,212
7984,220
7985,271
7986,233
7987,329
7988,257
7989,245
7990,249
7991,222
7992,305
7993,318
7994,200
7995,289
7996,285
7997,317
7998,199
7999,220
8000,197
8001,212
8002,187
8003,206
8004,225
8005,220
8006,220
8007,193
8008,241
8009,248
8010,232
8011,208
8012,219
8013,262
8014,275
8015,259
8016,245
8017,210
8018,283
8019,211
8020,271
8021,259
8022,245
8023,258
8024,238
8025,344
8026,235
8027,292
8028,248
8029,256
8030,232
8031,261
8032,280
8033,314
8034,249
8035,310
8036,344
8037,358
8038,314
8039,327
8592,319
8593,340
8594,293
8595,305
8596,288
8597,226
8598,273
8599,265
8600,266
8601,273
8602,248
8603,266
8604,244
8605,270
8606,260
8607,279
8608,303
8609,334
8610,335
8611,335
8612,365
8613,360
8614,337
8615,329
8616,282
8617,265
8618,265
8619,273
8620,281
8621,290
8622,295
8623,317
8624,327
8625,329
8626,311
8627,309
8628,297
8629,270
8630,247
8631,239
8632,311
8633,292
8634,249
8635,314
8636,285
8637,299
8638,321
8639,318
8640,238
8641,245
8642,259
8643,225
8644,224
8645,223
8646,211
8647,182
8648,193
8649,243
8650,238
8651,261
8652,230
8653,218
8654,203
8655,214
8656,243
8657,276
8658,237
8659,273
8660,232
8661,285
8662,267
8663,244
8664,261
8665,273
8666,233
8667,215
8668,229
8669,207
8670,226
8671,232
8672,217
8673,275
8674,213
8675,210
8676,222
8677,200
8678,200
8679,273
8680,227
8681,228
8682,243
8683,260
8684,247
8685,249
8686,229
8687,217
8688,248
8689,225
8690,241
8691,293
8692,234
8693,192
8694,206
8695,190
8696,179
8697,192
8698,178
8699,208
8700,202
8701,190
8702,217
8703,189
8704,237
8705,230
8706,234
8707,241
8708,253
8709,255
8710,259
8711,236
8712,327
8713,341
8714,480
8715,497
8716,488
8717,452
8718,412
8719,441
8720,341
8721,423
8722,415
8723,412
8724,463
8725,327
8726,425
8727,384
8728,451
8729,454
8730,417
8731,404
8732,394
8733,459
8734,391
8735,386
8736,300
8737,285
8738,249
8739,245
8740,279
8741,257
8742,274
8743,282
8744,274
8745,262
8746,252
8747,242
8748,245
8749,281
8750,292
8751,271
8752,289
8753,286
8754,294
8755,287
8756,316
8757,329
8758,318
8759,305
9312,278
9313,362
9314,228
9315,229
9316,228
9317,231
9318,230
9319,231
9320,228
9321,225
9322,227
9323,225
9324,226
9325,225
9326,250
9327,259
9328,274
9329,293
9330,390
9331,357
9332,392
9333,401
9334,361
9335,377
9336,325
9337,289
9338,309
9339,321
9340,339
9341,315
9342,349
9343,331
9344,338
9345,300
9346,308
9347,360
9348,356
9349,329
9350,339
9351,337
9352,306
9353,302
9354,365
9355,296
9356,317
9357,337
9358,340
9359,284
9360,263
9361,264
9362,308
9363,273
9364,285
9365,271
9366,327
9367,296
9368,272
9369,296
9370,299
9371,256
9372,259
9373,272
9374,242
9375,260
9376,212
9377,222
9378,268
9379,270
9380,243
9381,264
9382,249
9383,315
9384,259
9385,228
9386,241
9387,250
9388,232
9389,258
9390,252
9391,271
9392,219
9393,235
9394,259
9395,242
9396,293
9397,255
9398,240
9399,275
9400,241
9401,226
9402,257
9403,211
9404,245
9405,223
9406,202
9407,233
9408,309
9409,325
9410,304
9411,299
9412,322
9413,296
9414,311
9415,274
9416,328
9417,313
9418,329
9419,342
9420,337
9421,391
9422,383
9423,352
9424,353
9425,311
9426,341
9427,326
9428,310
9429,342
9430,321
9431,366
9432,292
9433,231
9434,236
9435,233
9436,245
9437,275
9438,246
9439,235
9440,272
9441,256
9442,289
9443,237
9444,235
9445,244
9446,244
9447,249
9448,236
9449,262
9450,245
9451,227
9452,256
9453,240
9454,231
9455,196
9456,336
9457,320
9458,332
9459,306
9460,268
9461,263
9462,309
9463,366
9464,331
9465,405
9466,319
9467,360
9468,418
9469,476
9470,396
9471,379
9472,335
9473,330
9474,421
9475,417
9476,403
9477,372
9478,443
9479,424
9480,385
9481,368
9482,423
9483,368
9484,293
9485,409
9486,288
9487,366
9488,366
9489,270
9490,277
9491,256
9492,248
9493,261
9494,265
9495,252
9496,246
9497,259
9498,286
9499,319
9500,305
9501,329
9502,334
9503,304
10056,245
10057,243
10058,256
10059,239
10060,250
10061,255
10062,255
10063,360
10064,367
10065,339
10066,349
10067,346
10068,338
10069,328
10070,307
10071,259
10072,272
10073,325
10074,317
10075,293
10076,297
10077,310
10078,319
10079,303
10080,189
10081,209
10082,188
10083,200
10084,224
10085,203
10086,219
10087,205
10088,218
10089,227
10090,232
10091,231
10092,236
10093,213
10094,218
10095,228
10096,250
10097,221
10098,232
10099,224
10100,251
10101,258
10102,232
10103,215
10104,206
10105,235
10106,215
10107,238
10108,264
10109,247
10110,284
10111,238
10112,252
10113,266
10114,246
10115,220
10116,218
10117,230
10118,228
10119,222
10120,221
10121,225
10122,227
10123,219
10124,214
10125,273
10126,235
10127,234
10128,207
10129,186
10130,200
10131,217
10132,184
10133,219
10134,197
10135,237
10136,187
10137,237
10138,225
10139,230
10140,166
10141,236
10142,192
10143,204
10144,191
10145,164
10146,199
10147,209
10148,206
10149,242
10150,213
10151,248
10152,212
10153,237
10154,259
10155,229
10156,181
10157,257
10158,239
10159,262
10160,193
10161,221
10162,225
10163,242
10164,223
10165,223
10166,190
10167,202
10168,189
10169,194
10170,202
10171,188
10172,198
10173,185
10174,173
10175,186
10176,252
10177,221
10178,335
10179,344
10180,320
10181,328
10182,316
10183,357
10184,342
10185,308
10186,297
10187,321
10188,309
10189,297
10190,296
10191,332
10192,283
10193,289
10194,305
10195,321
10196,328
10197,312
10198,353
10199,362
10200,375
10201,363
10202,295
10203,361
10204,330
10205,303
10206,301
10207,296
10208,314
10209,365
10210,324
10211,324
10212,344
10213,344
10214,341
10215,338
10216,334
10217,360
10218,330
10219,364
10220,311
10221,387
10222,311
10223,359
10224,354
10225,315
10226,300
10227,332
10228,326
10229,336
10230,305
10231,290
10232,323
10233,321
10234,291
10235,304
10236,319
10237,409
10238,357
10239,378
10240,380
10241,400
10242,382
10243,375
10244,349
10245,359
10246,394
10247,410
10800,284
10801,307
10802,311
10803,274
10804,333
10805,300
10806,318
10807,276
10808,261
10809,310
10810,299
10811,298
10812,256
10813,237
10814,225
10815,242
10816,229
10817,219
10818,237
10819,248
10820,245
10821,259
10822,222
10823,254
10824,256
10825,256
10826,268
10827,248
10828,253
10829,229
10830,281
10831,248
10832,246
10833,235
10834,234
10835,244
10836,256
10837,242
10838,279
10839,281
10840,289
10841,207
10842,245
10843,195
10844,221
10845,233
10846,218
10847,204
10848,217
10849,263
10850,266
10851,239
10852,233
10853,273
10854,261
10855,241
10856,228
10857,214
10858,224
10859,243
10860,237
10861,237
10862,263
10863,257
10864,279
10865,268
10866,278
10867,272
10868,287
10869,237
10870,251
10871,252
10872,209
10873,212
10874,257
10875,242
10876,227
10877,235
10878,297
10879,230
10880,242
10881,217
10882,211
10883,226
10884,205
10885,181
10886,233
10887,280
10888,265
10889,255
10890,274
10891,254
10892,254
10893,258
10894,244
10895,231
10896,282
10897,283
10898,262
10899,246
10900,253
10901,250
10902,244
10903,261
10904,259
10905,256
10906,265
10907,265
10908,263
10909,283
10910,270
10911,261
10912,289
10913,258
10914,245
10915,276
10916,252
10917,396
10918,396
10919,400
10920,289
10921,258
10922,246
10923,222
10924,228
10925,208
10926,204
10927,226
10928,241
10929,190
10930,202
10931,192
10932,248
10933,242
10934,238
10935,255
10936,242
10937,215
10938,224
10939,259
10940,260
10941,260
10942,272
10943,268
10944,306
10945,267
10946,292
10947,288
10948,281
10949,336
10950,336
10951,362
10952,349
10953,342
10954,369
10955,333
10956,318
10957,305
10958,280
10959,286
10960,298
10961,289
10962,286
10963,309
10964,281
10965,262
10966,271
10967,253
11520,256
11521,267
11522,277
11523,259
11524,272
11525,249
11526,240
11527,267
11528,254
11529,267
11530,257
11531,303
11532,324
11533,340
11534,356
11535,276
11536,316
11537,279
11538,307
11539,324
11540,336
11541,402
11542,379
11543,385
11544,245
11545,261
11546,281
11547,273
11548,297
11549,351
11550,302
11551,305
11552,309
11553,307
11554,341
11555,322
11556,317
11557,329
11558,339
11559,277
11560,294
11561,280
11562,357
11563,338
11564,369
11565,342
11566,391
11567,357
11568,275
11569,326
11570,312
11571,285
11572,297
11573,295
11574,278
11575,312
11576,268
11577,257
11578,258
11579,257
11580,261
11581,278
11582,266
11583,256
11584,255
11585,236
11586,243
11587,240
11588,233
11589,244
11590,235
11591,224
11592,215
11593,217
11594,224
11595,225
11596,225
11597,202
11598,229
11599,250
11600,217
11601,225
11602,238
11603,240
11604,251
11605,231
11606,220
11607,217
11608,217
11609,222
11610,217
11611,215
11612,221
11613,218
11614,219
11615,221
11616,198
11617,163
11618,183
11619,234
11620,206
11621,206
11622,246
11623,232
11624,204
11625,197
11626,183
11627,222
11628,186
11629,214
11630,207
11631,187
11632,208
11633,201
11634,201
11635,218
11636,234
11637,246
11638,257
11639,243
11640,268
11641,290
11642,274
11643,315
11644,311
11645,315
11646,367
11647,339
11648,362
11649,289
11650,305
11651,329
11652,304
11653,354
11654,296
11655,304
11656,334
11657,298
11658,302
11659,316
11660,309
11661,298
11662,308
11663,313
11664,345
11665,331
11666,355
11667,369
11668,322
11669,342
11670,337
11671,342
11672,350
11673,346
11674,335
11675,325
11676,326
11677,312
11678,316
11679,316
11680,328
11681,304
11682,326
11683,386
11684,380
11685,378
11686,372
11687,332
11688,283
11689,296
11690,269
11691,292
11692,292
11693,295
11694,311
11695,325
11696,320
11697,284
11698,293
11699,304
11700,301
11701,326
11702,322
11703,301
11704,313
11705,306
11706,321
11707,316
11708,307
11709,346
11710,329
11711,343
12264,403
12265,432
12266,403
12267,381
12268,403
12269,408
12270,394
12271,407
12272,397
12273,389
12274,400
12275,384
12276,407
12277,412
12278,427
12279,415
12280,371
12281,396
12282,408
12283,423
12284,454
12285,429
12286,453
12287,433
12288,213
12289,234
12290,287
12291,267
12292,245
12293,261
12294,270
12295,261
12296,287
12297,274
12298,270
12299,263
12300,267
12301,296
12302,268
12303,260
12304,257
12305,300
12306,306
12307,256
12308,279
12309,275
12310,256
12311,245
12312,223
12313,224
12314,244
12315,238
12316,229
12317,227
12318,217
12319,210
12320,215
12321,220
12322,209
12323,224
12324,223
12325,206
12326,241
12327,229
12328,227
12329,217
12330,236
12331,233
12332,207
12333,236
12334,249
12335,240
12336,248
12337,229
12338,278
12339,234
12340,223
12341,246
12342,216
12343,241
12344,231
12345,218
12346,219
12347,207
12348,266
12349,229
12350,237
12351,237
12352,243
12353,200
12354,222
12355,204
12356,201
12357,239
12358,247
12359,214
12360,292
12361,288
12362,258
12363,278
12364,294
12365,300
12366,310
12367,299
12368,285
12369,276
12370,257
12371,239
12372,272
12373,300
12374,266
12375,318
12376,304
12377,273
12378,310
12379,263
12380,304
12381,264
12382,300
12383,294
12384,404
12385,391
12386,400
12387,373
12388,371
12389,388
12390,368
12391,379
12392,403
12393,327
12394,326
12395,320
12396,367
12397,354
12398,366
12399,344
12400,326
12401,362
12402,291
12403,284
12404,309
12405,326
12406,326
12407,311
12408,318
12409,316
12410,300
12411,314
12412,321
12413,298
12414,341
12415,320
12416,339
12417,344
12418,347
12419,296
12420,389
12421,303
12422,314
12423,294
12424,292
12425,279
12426,282
12427,271
12428,326
12429,353
12430,342
12431,333
12984,551
12985,542
12986,590
12987,558
12988,563
12989,573
12990,552
12991,574
12992,569
12993,568
12994,567
12995,594
12996,624
12997,552
12998,567
12999,550
13000,529
13001,560
13002,530
13003,576
13004,566
13005,555
13006,561
13007,536
13008,308
13009,296
13010,273
13011,319
13012,319
13013,306
13014,319
13015,308
13016,341
13017,314
13018,320
13019,310
13020,326
13021,336
13022,340
13023,309
13024,331
13025,330
13026,326
13027,296
13028,307
13029,271
13030,278
13031,288
13032,274
13033,213
13034,229
13035,264
13036,251
13037,259
13038,222
13039,248
13040,269
13041,258
13042,204
13043,221
13044,296
13045,259
13046,241
13047,264
13048,273
13049,222
13050,191
13051,198
13052,199
13053,204
13054,190
13055,227
13056,306
13057,280
13058,237
13059,281
13060,325
13061,282
13062,326
13063,301
13064,287
13065,348
13066,323
13067,346
13068,353
13069,315
13070,370
13071,345
13072,380
13073,336
13074,365
13075,342
13076,396
13077,392
13078,402
13079,405
13080,299
13081,338
13082,343
13083,307
13084,324
13085,336
13086,316
13087,327
13088,306
13089,329
13090,277
13091,294
13092,272
13093,318
13094,313
13095,316
13096,305
13097,276
13098,270
13099,284
13100,288
13101,317
13102,280
13103,292
13104,394
13105,403
13106,356
13107,342
13108,333
13109,365
13110,359
13111,377
13112,363
13113,341
13114,387
13115,365
13116,374
13117,373
13118,362
13119,371
13120,353
13121,349
13122,322
13123,336
13124,343
13125,317
13126,301
13127,338
13128,296
13129,290
13130,295
13131,312
13132,315
13133,333
13134,304
13135,335
13136,313
13137,314
13138,300
13139,320
13140,312
13141,316
13142,316
13143,333
13144,343
13145,322
13146,335
13147,328
13148,337
13149,322
13150,323
13151,334
13152,299
13153,288
13154,254
13155,277
13156,253
13157,277
13158,274
13159,260
13160,279
13161,265
13162,260
13163,253
13164,278
13165,269
13166,266
13167,251
13168,263
13169,291
13170,267
13171,270
13172,276
13173,282
13174,273
13175,276
13728,291
13729,293
13730,283
13731,296
13732,309
13733,293
13734,301
13735,282
13736,293
13737,295
13738,285
13739,276
13740,312
13741,279
13742,292
13743,295
13744,279
13745,314
13746,283
13747,305
13748,302
13749,304
13750,298
13751,311
13752,326
13753,306
13754,319
13755,307
13756,313
13757,312
13758,290
13759,304
13760,319
13761,313
13762,311
13763,322
13764,324
13765,322
13766,331
13767,351
13768,320
13769,369
13770,324
13771,343
13772,308
13773,342
13774,323
13775,291
13776,301
13777,376
13778,314
13779,330
13780,275
13781,290
13782,314
13783,289
13784,297
13785,309
13786,289
13787,338
13788,307
13789,316
13790,339
13791,324
13792,320
13793,321
13794,347
13795,320
13796,297
13797,319
13798,318
13799,284
13800,413
13801,427
13802,400
13803,477
13804,437
13805,476
13806,437
13807,454
13808,468
13809,439
13810,517
13811,416
13812,434
13813,371
13814,308
13815,325
13816,360
13817,359
13818,361
13819,352
13820,363
13821,334
13822,365
13823,324
13824,307
13825,278
13826,281
13827,255
13828,292
13829,224
13830,258
13831,279
13832,267
13833,261
13834,259
13835,282
13836,285
13837,273
13838,287
13839,322
13840,268
13841,396
13842,305
13843,287
13844,375
13845,281
13846,281
13847,279
13848,361
13849,347
13850,307
13851,296
13852,296
13853,292
13854,274
13855,304
13856,261
13857,291
13858,306
13859,295
13860,282
13861,300
13862,283
13863,293
13864,298
13865,311
13866,290
13867,296
13868,290
13869,300
13870,264
13871,285
13872,296
13873,297
13874,290
13875,283
13876,285
13877,308
13878,330
13879,323
13880,308
13881,336
13882,307
13883,326
13884,321
13885,345
13886,350
13887,345
13888,360
13889,361
13890,386
13891,354
13892,340
13893,315
13894,314
13895,364
13896,331
13897,313
13898,287
13899,331
13900,323
13901,329
13902,323
13903,311
13904,309
13905,328
13906,324
13907,350
13908,319
13909,343
13910,308
13911,341
13912,345
13913,340
13914,332
13915,324
13916,363
13917,352
13918,338
13919,327
14472,317
14473,332
14474,267
14475,281
14476,309
14477,272
14478,326
14479,316
14480,307
14481,296
14482,347
14483,303
14484,297
14485,358
14486,305
14487,291
14488,335
14489,311
14490,319
14491,322
14492,312
14493,336
14494,342
14495,333
14496,305
14497,310
14498,318
14499,294
14500,303
14501,282
14502,296
14503,282
14504,320
14505,336
14506,352
14507,363
14508,338
14509,374
14510,360
14511,378
14512,354
14513,381
14514,349
14515,340
14516,376
14517,353
14518,386
14519,344
14520,302
14521,313
14522,290
14523,289
14524,277
14525,295
14526,294
14527,274
14528,338
14529,319
14530,322
14531,332
14532,319
14533,334
14534,307
14535,312
14536,322
14537,331
14538,332
14539,329
14540,309
14541,354
14542,321
14543,304
14544,318
14545,288
14546,296
14547,246
14548,265
14549,247
14550,259
14551,238
14552,248
14553,284
14554,268
14555,260
14556,252
14557,242
14558,276
14559,266
14560,326
14561,331
14562,318
14563,294
14564,314
14565,315
14566,287
14567,289
14568,363
14569,364
14570,378
14571,389
14572,388
14573,431
14574,389
14575,402
14576,414
14577,408
14578,393
14579,398
14580,445
14581,366
14582,414
14583,340
14584,343
14585,339
14586,315
14587,312
14588,336
14589,387
14590,391
14591,395
15144,255
15145,263
15146,263
15147,270
15148,267
15149,259
15150,257
15151,248
15152,251
15153,259
15154,240
15155,248
15156,278
15157,262
15158,274
15159,257
15160,259
15161,280
15162,256
15163,253
15164,258
15165,279
15166,277
15167,277
15168,270
15169,290
15170,274
15171,279
15172,252
15173,252
15174,267
15175,280
15176,270
15177,279
15178,289
15179,300
15180,292
15181,323
15182,292
15183,298
15184,298
15185,281
15186,291
15187,312
15188,293
15189,290
15190,299
15191,305
15192,330
15193,319
15194,314
15195,310
15196,350
15197,338
15198,332
15199,331
15200,349
15201,353
15202,341
15203,349
15204,343
15205,356
15206,372
15207,371
15208,332
15209,423
15210,358
15211,354
15212,408
15213,349
15214,402
15215,409
15216,309
15217,320
15218,306
15219,322
15220,276
15221,280
15222,262
15223,259
15224,272
15225,267
15226,299
15227,270
15228,231
15229,237
15230,232
15231,224
15232,206
15233,228
15234,221
15235,243
15236,222
15237,232
15238,236
15239,207
15240,268
15241,233
15242,259
15243,242
15244,244
15245,290
15246,236
15247,263
15248,270
15249,260
15250,248
15251,238
15252,238
15253,269
15254,232
15255,234
15256,258
15257,227
15258,216
15259,219
15260,214
15261,210
15262,227
15263,220
15264,308
15265,293
15266,281
15267,275
15268,269
15269,275
15270,255
15271,264
15272,250
15273,252
15274,252
15275,270
15276,265
15277,268
15278,269
15279,255
15280,262
15281,262
15282,245
15283,238
15284,241
15285,238
15286,262
15287,260
15288,284
15289,315
15290,353
15291,334
15292,344
15293,316
15294,309
15295,334
15296,348
15297,327
15298,325
15299,347
15300,280
15301,320
15302,282
15303,343
15304,320
15305,315
15306,323
15307,367
15308,320
15309,338
15310,339
15311,342
15312,359
15313,346
15314,350
15315,357
15316,352
15317,370
15318,365
15319,338
15320,353
15321,370
15322,342
15323,315
15324,352
15325,386
15326,358
15327,340
15328,376
15329,359
15330,378
15331,384
15332,363
15333,325
15334,344
15335,336
15888,305
15889,240
15890,308
15891,291
15892,290
15893,338
15894,270
15895,295
15896,249
15897,260
15898,279
15899,260
15900,235
15901,245
15902,263
15903,235
15904,232
15905,250
15906,271
15907,246
15908,263
15909,249
15910,228
15911,245
15912,303
15913,305
15914,302
15915,334
15916,358
15917,330
15918,330
15919,317
15920,330
15921,325
15922,311
15923,309
15924,348
15925,339
15926,320
15927,328
15928,337
15929,365
15930,357
15931,366
15932,326
15933,316
15934,369
15935,308
15936,339
15937,310
15938,290
15939,297
15940,364
15941,362
15942,323
15943,310
15944,304
15945,324
15946,308
15947,339
15948,326
15949,332
15950,330
15951,342
15952,338
15953,299
15954,337
15955,320
15956,322
15957,292
15958,302
15959,293
15960,327
15961,330
15962,314
15963,331
15964,351
15965,356
15966,343
15967,328
15968,354
15969,386
15970,372
15971,349
15972,311
15973,308
15974,316
15975,298
15976,305
15977,279
15978,262
15979,290
15980,285
15981,285
15982,303
15983,310
15984,242
15985,225
15986,220
15987,230
15988,248
15989,256
15990,217
15991,261
15992,213
15993,231
15994,221
15995,231
15996,208
15997,208
15998,244
15999,190
16000,202
16001,182
16002,202
16003,248
16004,229
16005,233
16006,279
16007,346
16008,362
16009,361
16010,367
16011,344
16012,329
16013,321
16014,368
16015,315
16016,331
16017,345
16018,321
16019,357
16020,322
16021,401
16022,332
16023,279
16024,370
16025,358
16026,349
16027,279
16028,251
16029,267
16030,219
16031,226
16032,364
16033,402
16034,440
16035,585
16036,649
16037,646
16038,617
16039,563
16040,631
16041,590
16042,528
16043,463
16044,427
16045,498
16046,537
16047,502
16048,524
16049,495
16050,495
16051,568
16052,504
16053,526
16054,451
16055,394
16608,238
16609,228
16610,242
16611,252
16612,253
16613,225
16614,282
16615,316
16616,278
16617,277
16618,258
16619,254
16620,244
16621,232
16622,218
16623,223
16624,240
16625,226
16626,253
16627,248
16628,263
16629,256
16630,245
16631,294
16632,357
16633,316
16634,311
16635,304
16636,286
16637,282
16638,267
16639,284
16640,335
16641,346
16642,289
16643,296
16644,275
16645,281
16646,267
16647,260
16648,285
16649,271
16650,270
16651,276
16652,322
16653,316
16654,320
16655,367
16656,322
16657,338
16658,287
16659,304
16660,263
16661,299
16662,263
16663,297
16664,313
16665,279
16666,285
16667,224
16668,191
16669,227
16670,217
16671,227
16672,216
16673,215
16674,205
16675,208
16676,227
16677,231
16678,214
16679,222
16680,221
16681,209
16682,235
16683,200
16684,201
16685,199
16686,237
16687,220
16688,222
16689,222
16690,228
16691,224
16692,209
16693,216
16694,216
16695,214
16696,213
16697,222
16698,245
16699,223
16700,232
16701,291
16702,242
16703,220
16704,224
16705,234
16706,229
16707,273
16708,241
16709,248
16710,228
16711,217
16712,222
16713,240
16714,186
16715,191
16716,201
16717,187
16718,221
16719,195
16720,209
16721,190
16722,254
16723,235
16724,216
16725,239
16726,175
16727,171
16728,313
16729,298
16730,290
16731,270
16732,212
16733,182
16734,175
16735,220
16736,201
16737,203
16738,204
16739,183
16740,190
16741,189
16742,183
16743,194
16744,185
16745,200
16746,212
16747,195
16748,257
16749,279
16750,353
16751,354
16752,360
16753,362
16754,347
16755,336
16756,517
16757,516
16758,373
16759,555
16760,517
16761,486
16762,416
16763,333
16764,253
16765,284
16766,254
16767,256
16768,268
16769,326
16770,343
16771,496
16772,457
16773,462
16774,463
16775,315
16776,258
16777,219
16778,273
16779,236
16780,197
16781,215
16782,195
16783,209
16784,198
16785,199
16786,194
16787,215
16788,223
16789,240
16790,217
16791,228
16792,229
16793,269
16794,231
16795,219
16796,210
16797,259
16798,219
16799,221
17352,352
17353,334
17354,299
17355,313
17356,256
17357,307
17358,262
17359,333
17360,273
17361,237
17362,276
17363,270
17364,230
17365,337
17366,273
17367,321
17368,276
17369,257
17370,246
17371,202
17372,242
17373,221
17374,243
17375,227
17376,201
17377,207
17378,265
17379,255
17380,267
17381,264
17382,287
17383,263
17384,287
17385,276
17386,252
17387,271
17388,256
17389,258
17390,280
17391,263
17392,300
17393,287
17394,280
17395,238
17396,263
17397,237
17398,356
17399,320
17400,264
17401,252
17402,274
17403,262
17404,305
17405,327
17406,243
17407,293
17408,297
17409,261
17410,268
17411,241
17412,250
17413,266
17414,227
17415,215
17416,217
17417,223
17418,250
17419,219
17420,236
17421,281
17422,236
17423,242
17424,291
17425,276
17426,236
17427,274
17428,273
17429,243
17430,223
17431,230
17432,229
17433,226
17434,251
17435,244
17436,255
17437,230
17438,265
17439,248
17440,255
17441,234
17442,251
17443,255
17444,258
17445,299
17446,287
17447,284
17448,324
17449,275
17450,256
17451,260
17452,295
17453,287
17454,277
17455,287
17456,292
17457,293
17458,257
17459,229
17460,236
17461,251
17462,261
17463,263
17464,250
17465,290
17466,320
17467,308
17468,378
17469,346
17470,331
17471,426
17472,428
17473,459
17474,343
17475,248
17476,271
17477,255
17478,248
17479,242
17480,252
17481,240
17482,251
17483,200
17484,207
17485,211
17486,205
17487,205
17488,203
17489,204
17490,200
17491,202
17492,237
17493,208
17494,213
17495,216
17496,225
17497,240
17498,258
17499,208
17500,255
17501,213
17502,226
17503,243
17504,241
17505,235
17506,234
17507,218
17508,230
17509,218
17510,240
17511,248
17512,253
17513,265
17514,231
17515,237
17516,261
17517,301
17518,299
17519,292
18072,451
18073,375
18074,382
18075,364
18076,408
18077,380
18078,344
18079,323
18080,358
18081,340
18082,325
18083,350
18084,338
18085,328
18086,311
18087,312
18088,300
18089,346
18090,334
18091,310
18092,363
18093,299
18094,287
18095,272
18096,366
18097,385
18098,381
18099,352
18100,356
18101,378
18102,341
18103,411
18104,369
18105,388
18106,363
18107,380
18108,347
18109,337
18110,242
18111,230
18112,246
18113,240
18114,226
18115,243
18116,227
18117,255
18118,262
18119,238
18120,252
18121,267
18122,252
18123,298
18124,277
18125,302
18126,304
18127,295
18128,294
18129,277
18130,287
18131,208
18132,283
18133,277
18134,286
18135,282
18136,322
18137,294
18138,257
18139,273
18140,264
18141,295
18142,296
18143,262
18144,246
18145,305
18146,264
18147,247
18148,252
18149,264
18150,334
18151,234
18152,224
18153,276
18154,271
18155,227
18156,224
18157,264
18158,207
18159,232
18160,235
18161,229
18162,270
18163,302
18164,251
18165,291
18166,277
18167,280
18168,373
18169,384
18170,345
18171,360
18172,385
18173,403
18174,339
18175,296
18176,254
18177,266
18178,256
18179,314
18180,269
18181,258
18182,271
18183,298
18184,261
18185,251
18186,276
18187,255
18188,245
18189,284
18190,274
18191,285
18192,297
18193,299
18194,331
18195,261
18196,272
18197,327
18198,287
18199,328
18200,267
18201,303
18202,301
18203,319
18204,315
18205,320
18206,327
18207,267
18208,288
18209,326
18210,302
18211,367
18212,355
18213,296
18214,326
18215,345
18216,376
18217,398
18218,437
18219,417
18220,337
18221,374
18222,369
18223,359
18224,359
18225,392
18226,364
18227,366
18228,356
18229,373
18230,377
18231,359
18232,334
18233,326
18234,375
18235,323
18236,365
18237,424
18238,416
18239,409
18240,307
18241,230
18242,271
18243,245
18244,214
18245,224
18246,240
18247,228
18248,240
18249,231
18250,294
18251,227
18252,237
18253,226
18254,289
18255,230
18256,260
18257,235
18258,244
18259,226
18260,220
18261,261
18262,255
18263,298
18816,356
18817,313
18818,318
18819,362
18820,370
18821,367
18822,292
18823,308
18824,286
18825,300
18826,252
18827,275
18828,237
18829,270
18830,231
18831,253
18832,243
18833,249
18834,254
18835,282
18836,268
18837,289
18838,340
18839,282
18840,326
18841,355
18842,302
18843,302
18844,313
18845,301
18846,337
18847,315
18848,370
18849,379
18850,355
18851,311
18852,294
18853,302
18854,347
18855,338
18856,336
18857,355
18858,327
18859,330
18860,396
18861,368
18862,390
18863,375
18864,329
18865,309
18866,306
18867,361
18868,278
18869,297
18870,356
18871,275
18872,310
18873,334
18874,329
18875,405
18876,391
18877,431
18878,435
18879,441
18880,418
18881,408
18882,359
18883,387
18884,348
18885,358
18886,350
18887,327
18888,280
18889,259
18890,259
18891,237
18892,185
18893,215
18894,248
18895,205
18896,251
18897,219
18898,193
18899,244
18900,245
18901,254
18902,257
18903,222
18904,250
18905,246
18906,246
18907,225
18908,271
18909,261
18910,252
18911,304
18912,304
18913,295
18914,280
18915,270
18916,270
18917,310
18918,297
18919,285
18920,297
18921,231
18922,254
18923,210
18924,215
18925,206
18926,222
18927,219
18928,202
18929,216
18930,198
18931,271
18932,234
18933,299
18934,280
18935,293
18936,357
18937,380
18938,367
18939,355
18940,394
18941,361
18942,373
18943,393
18944,397
18945,421
18946,401
18947,366
18948,240
18949,252
18950,225
18951,230
18952,228
18953,228
18954,227
18955,230
18956,231
18957,234
18958,240
18959,258
18960,249
18961,251
18962,242
18963,233
18964,253
18965,243
18966,235
18967,249
18968,228
18969,218
18970,217
18971,231
18972,247
18973,250
18974,235
18975,251
18976,246
18977,326
18978,252
18979,276
18980,274
18981,281
18982,282
18983,275
18984,219
18985,201
18986,202
18987,220
18988,246
18989,202
18990,211
18991,208
18992,236
18993,176
18994,204
18995,215
18996,222
18997,202
18998,204
18999,226
19000,199
19001,190
19002,204
19003,215
19004,221
19005,240
19006,264
19007,240
19560,289
19561,230
19562,270
19563,260
19564,315
19565,262
19566,284
19567,328
19568,284
19569,258
19570,286
19571,255
19572,261
19573,235
19574,258
19575,244
19576,250
19577,262
19578,258
19579,291
19580,274
19581,253
19582,264
19583,272
19584,191
19585,179
19586,184
19587,196
19588,196
19589,198
19590,257
19591,237
19592,283
19593,234
19594,275
19595,243
19596,235
19597,234
19598,243
19599,261
19600,271
19601,236
19602,241
19603,251
19604,210
19605,224
19606,212
19607,204
19608,208
19609,228
19610,227
19611,254
19612,279
19613,317
19614,327
19615,313
19616,300
19617,292
19618,294
19619,298
19620,306
19621,336
19622,284
19623,282
19624,312
19625,319
19626,311
19627,284
19628,338
19629,345
19630,320
19631,351
19632,250
19633,271
19634,257
19635,285
19636,240
19637,243
19638,241
19639,246
19640,256
19641,253
19642,231
19643,204
19644,198
19645,245
19646,241
19647,207
19648,199
19649,246
19650,229
19651,229
19652,263
19653,237
19654,259
19655,231
19656,298
19657,271
19658,284
19659,410
19660,397
19661,344
19662,370
19663,394
19664,306
19665,342
19666,358
19667,333
19668,329
19669,266
19670,280
19671,255
19672,250
19673,262
19674,274
19675,256
19676,273
19677,284
19678,274
19679,280
19680,371
19681,367
19682,338
19683,343
19684,332
19685,334
19686,306
19687,322
19688,330
19689,329
19690,343
19691,345
19692,339
19693,345
19694,350
19695,376
19696,400
19697,399
19698,407
19699,402
19700,417
19701,378
19702,357
19703,357
19704,449
19705,415
19706,418
19707,422
19708,435
19709,432
19710,413
19711,414
19712,423
19713,378
19714,311
19715,297
19716,282
19717,338
19718,315
19719,300
19720,379
19721,339
19722,328
19723,331
19724,276
19725,314
19726,205
19727,212
20280,329
20281,360
20282,315
20283,302
20284,367
20285,319
20286,315
20287,302
20288,284
20289,325
20290,371
20291,348
20292,315
20293,346
20294,344
20295,404
20296,365
20297,260
20298,252
20299,252
20300,268
20301,317
20302,327
20303,278
20304,260
20305,254
20306,266
20307,259
20308,261
20309,300
20310,297
20311,280
20312,339
20313,283
20314,319
20315,330
20316,346
20317,304
20318,308
20319,389
20320,355
20321,300
20322,331
20323,316
20324,319
20325,289
20326,302
20327,315
20328,224
20329,277
20330,279
20331,285
20332,277
20333,275
20334,332
20335,334
20336,305
20337,267
20338,290
20339,302
20340,322
20341,425
20342,563
20343,544
20344,567
20345,535
20346,503
20347,448
20348,449
20349,236
20350,250
20351,249
20352,280
20353,280
20354,286
20355,266
20356,270
20357,242
20358,271
20359,274
20360,257
20361,259
20362,264
20363,278
20364,249
20365,259
20366,243
20367,258
20368,255
20369,248
20370,260
20371,245
20372,241
20373,250
20374,231
20375,233
20376,278
20377,252
20378,265
20379,292
20380,290
20381,313
20382,341
20383,358
20384,318
20385,323
20386,355
20387,312
20388,310
20389,292
20390,281
20391,307
20392,286
20393,249
20394,241
20395,238
20396,218
20397,231
20398,233
20399,248
20400,292
20401,252
20402,232
20403,225
20404,340
20405,350
20406,319
20407,288
20408,274
20409,282
20410,270
20411,279
20412,284
20413,309
20414,309
20415,265
20416,297
20417,307
20418,261
20419,298
20420,299
20421,298
20422,292
20423,329
20424,302
20425,338
20426,371
20427,384
20428,375
20429,380
20430,388
20431,383
20432,378
20433,333
20434,339
20435,323
20436,337
20437,333
20438,349
20439,327
20440,349
20441,364
20442,335
20443,346
20444,326
20445,322
20446,322
20447,338
20448,289
20449,302
20450,291
20451,300
20452,305
20453,283
20454,269
20455,291
20456,320
20457,332
20458,348
20459,317
20460,301
20461,293
20462,284
20463,275
20464,293
20465,281
20466,311
20467,284
20468,284
20469,280
20470,284
20471,285
21024,394
21025,436
21026,426
21027,431
21028,428
21029,398
21030,325
21031,326
21032,346
21033,385
21034,428
21035,474
21036,598
21037,696
21038,665
21039,655
21040,664
21041,671
21042,654
21043,630
21044,653
21045,604
21046,644
21047,597
21048,261
21049,290
21050,281
21051,291
21052,283
21053,311
21054,285
21055,298
21056,290
21057,288
21058,285
21059,299
21060,306
21061,336
21062,305
21063,292
21064,309
21065,296
21066,290
21067,271
21068,298
21069,311
21070,302
21071,301
21072,277
21073,292
21074,277
21075,264
21076,278
21077,263
21078,243
21079,252
21080,242
21081,243
21082,246
21083,236
21084,267
21085,268
21086,293
21087,279
21088,261
21089,277
21090,308
21091,292
21092,288
21093,295
21094,277
21095,238
21096,237
21097,244
21098,205
21099,214
21100,208
21101,227
21102,236
21103,239
21104,212
21105,236
21106,232
21107,244
21108,254
21109,248
21110,276
21111,275
21112,243
21113,305
21114,245
21115,242
21116,216
21117,257
21118,259
21119,231
21120,284
21121,287
21122,292
21123,302
21124,292
21125,282
21126,299
21127,291
21128,294
21129,248
21130,237
21131,273
21132,202
21133,211
21134,258
21135,252
21136,228
21137,218
21138,224
21139,210
21140,242
21141,222
21142,237
21143,277
21144,354
21145,364
21146,361
21147,339
21148,374
21149,320
21150,308
21151,313
21152,351
21153,353
21154,334
21155,336
21156,325
21157,374
21158,336
21159,336
21160,321
21161,303
21162,311
21163,332
21164,355
21165,332
21166,332
21167,347
21168,313
21169,328
21170,336
21171,306
21172,319
21173,329
21174,309
21175,315
21176,323
21177,331
21178,329
21179,349
21180,298
21181,337
21182,348
21183,326
21184,288
21185,334
21186,340
21187,340
21188,329
21189,379
21190,364
21191,349
21744,458
21745,408
21746,378
21747,361
21748,367
21749,387
21750,399
21751,407
21752,399
21753,334
21754,316
21755,348
21756,343
21757,332
21758,316
21759,342
21760,326
21761,327
21762,345
21763,333
21764,305
21765,309
21766,316
21767,338
21768,347
21769,345
21770,336
21771,332
21772,340
21773,338
21774,315
21775,327
21776,321
21777,305
21778,332
21779,363
21780,332
21781,356
21782,331
21783,307
21784,312
21785,324
21786,334
21787,315
21788,341
21789,329
21790,331
21791,313
21792,259
21793,231
21794,211
21795,227
21796,240
21797,236
21798,229
21799,246
21800,248
21801,242
21802,246
21803,219
21804,232
21805,246
21806,247
21807,238
21808,230
21809,214
21810,237
21811,287
21812,255
21813,289
21814,273
21815,250
21816,386
21817,325
21818,358
21819,383
21820,370
21821,416
21822,397
21823,397
21824,419
21825,441
21826,426
21827,424
21828,434
21829,412
21830,408
21831,330
21832,325
21833,359
21834,402
21835,339
21836,305
21837,330
21838,286
21839,271
21840,270
21841,299
21842,281
21843,302
21844,306
21845,299
21846,324
21847,311
21848,298
21849,287
21850,288
21851,281
21852,296
21853,285
21854,314
21855,314
21856,283
21857,305
21858,301
21859,306
21860,318
21861,285
21862,294
21863,291
21864,348
21865,361
21866,357
21867,326
21868,339
21869,333
21870,357
21871,334
21872,356
21873,314
21874,340
21875,304
21876,301
21877,351
21878,341
21879,326
21880,338
21881,366
21882,358
21883,360
21884,382
21885,386
21886,385
21887,404
21888,346
21889,335
21890,331
21891,339
21892,339
21893,337
21894,363
21895,367
21896,329
21897,338
21898,326
21899,358
21900,354
21901,342
21902,337
21903,362
21904,347
21905,332
21906,330
21907,346
21908,347
21909,322
21910,327
21911,326
21912,332
21913,302
21914,337
21915,293
21916,300
21917,330
21918,296
21919,301
21920,289
21921,296
21922,298
21923,312
21924,285
21925,286
21926,288
21927,285
21928,286
21929,287
21930,298
21931,296
21932,290
21933,296
21934,293
21935,296
22488,236
22489,248
22490,276
22491,272
22492,255
22493,257
22494,312
22495,294
22496,305
22497,304
22498,285
22499,321
22500,276
22501,278
22502,302
22503,310
22504,291
22505,332
22506,348
22507,350
22508,334
22509,335
22510,318
22511,306
22512,298
22513,303
22514,295
22515,314
22516,310
22517,328
22518,295
22519,301
22520,307
22521,325
22522,288
22523,298
22524,333
22525,293
22526,317
22527,308
22528,306
22529,274
22530,307
22531,306
22532,313
22533,292
22534,296
22535,291
22536,299
22537,268
22538,296
22539,286
22540,294
22541,270
22542,272
22543,298
22544,300
22545,303
22546,307
22547,278
22548,257
22549,251
22550,277
22551,256
22552,261
22553,246
22554,268
22555,319
22556,316
22557,334
22558,337
22559,325
22560,320
22561,316
22562,330
22563,346
22564,334
22565,333
22566,325
22567,373
22568,314
22569,319
22570,330
22571,314
22572,352
22573,316
22574,331
22575,308
22576,323
22577,316
22578,328
22579,340
22580,334
22581,308
22582,335
22583,325
22584,324
22585,307
22586,328
22587,330
22588,269
22589,300
22590,317
22591,278
22592,320
22593,309
22594,364
22595,358
22596,324
22597,328
22598,278
22599,338
22600,358
22601,307
22602,379
22603,331
22604,394
22605,342
22606,368
22607,330
22608,325
22609,300
22610,319
22611,311
22612,310
22613,285
22614,312
22615,341
22616,319
22617,322
22618,324
22619,321
22620,307
22621,330
22622,330
22623,341
22624,364
22625,365
22626,356
22627,314
22628,311
22629,347
22630,326
22631,339
22632,336
22633,338
22634,345
22635,339
22636,332
22637,347
22638,346
22639,343
22640,351
22641,358
22642,346
22643,359
22644,367
22645,370
22646,387
22647,370
22648,395
22649,346
22650,372
22651,383
22652,355
22653,390
22654,372
22655,367
22656,360
22657,334
22658,327
22659,333
22660,354
22661,326
22662,346
22663,346
22664,346
22665,342
22666,350
22667,363
22668,373
22669,365
22670,372
22671,380
22672,337
22673,338
22674,347
22675,362
22676,363
22677,351
22678,335
22679,343
23232,299
23233,303
23234,292
23235,299
23236,287
23237,294
23238,271
23239,282
23240,290
23241,261
23242,275
23243,280
23244,300
23245,310
23246,300
23247,291
23248,300
23249,261
23250,279
23251,290
23252,300
23253,270
23254,286
23255,297
23256,384
23257,379
23258,369
23259,389
23260,398
23261,390
23262,387
23263,412
23264,389
23265,394
23266,423
23267,402
23268,403
23269,457
23270,452
23271,454
23272,443
23273,460
23274,484
23275,453
23276,468
23277,478
23278,480
23279,478
23280,308
23281,298
23282,321
23283,321
23284,300
23285,342
23286,350
23287,323
23288,318
23289,321
23290,326
23291,336
23292,341
23293,354
23294,373
23295,373
23296,350
23297,360
23298,360
23299,364
23300,365
23301,358
23302,357
23303,345
23304,276
23305,268
23306,281
23307,278
23308,252
23309,235
23310,248
23311,191
23312,211
23313,217
23314,246
23315,221
23316,237
23317,224
23318,234
23319,249
23320,232
23321,219
23322,250
23323,215
23324,237
23325,239
23326,234
23327,223
23328,326
23329,308
23330,319
23331,326
23332,349
23333,333
23334,331
23335,324
23336,284
23337,275
23338,313
23339,304
23340,276
23341,267
23342,297
23343,308
23344,250
23345,249
23346,266
23347,256
23348,275
23349,264
23350,260
23351,249
23352,420
23353,425
23354,427
23355,429
23356,387
23357,384
23358,358
23359,381
23360,346
23361,371
23362,418
23363,413
23364,332
23365,359
23366,349
23367,327
23368,334
23369,348
23370,394
23371,398
23372,394
23373,393
23374,386
23375,373
23928,262
23929,286
23930,333
23931,245
23932,281
23933,279
23934,319
23935,235
23936,243
23937,260
23938,289
23939,340
23940,311
23941,307
23942,231
23943,248
23944,241
23945,249
23946,230
23947,285
23948,348
23949,261
23950,262
23951,261
23952,303
23953,284
23954,315
23955,325
23956,219
23957,269
23958,284
23959,275
23960,300
23961,289
23962,244
23963,265
23964,244
23965,287
23966,297
23967,297
23968,288
23969,274
23970,316
23971,322
23972,319
23973,321
23974,328
23975,315
23976,318
23977,301
23978,313
23979,309
23980,308
23981,295
23982,311
23983,311
23984,348
23985,285
23986,293
23987,297
23988,264
23989,302
23990,291
23991,285
23992,270
23993,294
23994,288
23995,339
23996,275
23997,279
23998,310
23999,284
24000,209
24001,220
24002,213
24003,216
24004,272
24005,252
24006,188
24007,200
24008,198
24009,199
24010,206
24011,229
24012,194
24013,206
24014,196
24015,190
24016,222
24017,233
24018,255
24019,268
24020,268
24021,232
24022,260
24023,269
24024,250
24025,257
24026,250
24027,250
24028,212
24029,257
24030,220
24031,234
24032,249
24033,238
24034,233
24035,252
24036,255
24037,230
24038,247
24039,240
24040,241
24041,255
24042,255
24043,228
24044,259
24045,267
24046,267
24047,270
24048,373
24049,318
24050,342
24051,361
24052,320
24053,345
24054,333
24055,318
24056,314
24057,339
24058,381
24059,368
24060,357
24061,344
24062,294
24063,278
24064,300
24065,287
24066,377
24067,357
24068,349
24069,380
24070,349
24071,353
24072,287
24073,301
24074,350
24075,325
24076,313
24077,332
24078,326
24079,331
24080,318
24081,325
24082,311
24083,296
24084,284
24085,332
24086,314
24087,321
24088,286
24089,318
24090,307
24091,322
24092,334
24093,287
24094,307
24095,316
24096,404
24097,413
24098,387
24099,390
24100,421
24101,414
24102,386
24103,401
24104,427
24105,386
24106,423
24107,425
24108,461
24109,472
24110,493
24111,424
24112,454
24113,458
24114,481
24115,468
24116,455
24117,472
24118,437
24119,454
24672,331
24673,229
24674,322
24675,322
24676,339
24677,335
24678,334
24679,343
24680,235
24681,303
24682,185
24683,194
24684,198
24685,266
24686,231
24687,245
24688,236
24689,226
24690,329
24691,216
24692,332
24693,327
24694,391
24695,345
24696,340
24697,336
24698,392
24699,365
24700,380
24701,370
24702,373
24703,337
24704,351
24705,362
24706,330
24707,362
24708,307
24709,280
24710,284
24711,294
24712,334
24713,382
24714,430
24715,342
24716,347
24717,348
24718,361
24719,330
24720,293
24721,294
24722,290
24723,269
24724,280
24725,313
24726,306
24727,311
24728,321
24729,334
24730,311
24731,283
24732,270
24733,269
24734,270
24735,279
24736,285
24737,276
24738,291
24739,320
24740,308
24741,310
24742,342
24743,331
24744,356
24745,390
24746,359
24747,370
24748,363
24749,372
24750,368
24751,353
24752,388
24753,377
24754,393
24755,292
24756,277
24757,269
24758,302
24759,244
24760,218
24761,229
24762,223
24763,241
24764,225
24765,228
24766,235
24767,246
24768,302
24769,327
24770,308
24771,294
24772,286
24773,305
24774,295
24775,284
24776,242
24777,262
24778,265
24779,247
24780,289
24781,327
24782,240
24783,262
24784,239
24785,293
24786,255
24787,306
24788,296
24789,294
24790,336
24791,299
24792,508
24793,527
24794,541
24795,553
24796,509
24797,519
24798,490
24799,488
24800,450
24801,410
24802,435
24803,427
24804,396
24805,409
24806,391
24807,403
24808,374
24809,375
24810,479
24811,471
24812,453
24813,485
24814,459
24815,440
24816,469
24817,487
24818,431
24819,451
24820,401
24821,428
24822,389
24823,418
24824,376
24825,324
24826,376
24827,334
24828,336
24829,361
24830,394
24831,342
24832,389
24833,366
24834,385
24835,395
24836,434
24837,428
24838,416
24839,402
25392,340
25393,274
25394,388
25395,327
25396,359
25397,335
25398,396
25399,367
25400,255
25401,253
25402,251
25403,240
25404,230
25405,205
25406,200
25407,225
25408,272
25409,276
25410,303
25411,290
25412,228
25413,256
25414,221
25415,221
25416,227
25417,225
25418,199
25419,211
25420,234
25421,211
25422,226
25423,247
25424,237
25425,246
25426,224
25427,227
25428,212
25429,229
25430,232
25431,221
25432,222
25433,223
25434,223
25435,217
25436,252
25437,221
25438,255
25439,233
25440,210
25441,247
25442,234
25443,274
25444,322
25445,285
25446,274
25447,306
25448,247
25449,233
25450,231
25451,260
25452,240
25453,219
25454,263
25455,248
25456,229
25457,214
25458,229
25459,230
25460,219
25461,221
25462,241
25463,250
25464,239
25465,233
25466,232
25467,225
25468,230
25469,216
25470,233
25471,243
25472,241
25473,236
25474,225
25475,216
25476,223
25477,248
25478,226
25479,226
25480,227
25481,217
25482,228
25483,229
25484,220
25485,218
25486,213
25487,215
25488,204
25489,208
25490,199
25491,201
25492,218
25493,204
25494,200
25495,197
25496,210
25497,179
25498,200
25499,199
25500,200
25501,204
25502,219
25503,209
25504,215
25505,223
25506,216
25507,217
25508,219
25509,211
25510,212
25511,216
25512,220
25513,248
25514,259
25515,223
25516,258
25517,260
25518,276
25519,327
25520,292
25521,231
25522,194
25523,212
25524,213
25525,222
25526,224
25527,276
25528,337
25529,347
25530,365
25531,369
25532,334
25533,351
25534,264
25535,316
25536,269
25537,350
25538,302
25539,315
25540,392
25541,375
25542,313
25543,332
25544,261
25545,268
25546,281
25547,272
25548,296
25549,246
25550,267
25551,228
25552,256
25553,245
25554,230
25555,280
25556,245
25557,305
25558,389
25559,279
25560,223
25561,275
25562,263
25563,251
25564,277
25565,272
25566,301
25567,266
25568,252
25569,263
25570,270
25571,277
25572,281
25573,259
25574,282
25575,283
25576,275
25577,270
25578,270
25579,299
25580,252
25581,294
25582,277
25583,322
26136,294
26137,291
26138,309
26139,244
26140,298
26141,255
26142,293
26143,340
26144,364
26145,342
26146,373
26147,228
26148,223
26149,249
26150,234
26151,218
26152,227
26153,232
26154,235
26155,232
26156,248
26157,253
26158,251
26159,240
26160,265
26161,258
26162,263
26163,255
26164,255
26165,268
26166,255
26167,263
26168,272
26169,274
26170,275
26171,350
26172,295
26173,303
26174,299
26175,303
26176,306
26177,295
26178,274
26179,258
26180,258
26181,268
26182,282
26183,300
26184,203
26185,193
26186,218
26187,208
26188,205
26189,223
26190,215
26191,241
26192,214
26193,218
26194,236
26195,240
26196,245
26197,237
26198,237
26199,248
26200,208
26201,227
26202,213
26203,216
26204,186
26205,258
26206,243
26207,276
26208,265
26209,266
26210,237
26211,246
26212,259
26213,236
26214,254
26215,244
26216,253
26217,257
26218,253
26219,240
26220,260
26221,276
26222,276
26223,278
26224,271
26225,296
26226,245
26227,232
26228,227
26229,230
26230,230
26231,232
26232,281
26233,305
26234,318
26235,262
26236,326
26237,273
26238,259
26239,309
26240,295
26241,307
26242,310
26243,342
26244,369
26245,336
26246,308
26247,270
26248,290
26249,302
26250,359
26251,272
26252,344
26253,365
26254,390
26255,403
26256,200
26257,231
26258,205
26259,231
26260,207
26261,196
26262,204
26263,202
26264,230
26265,225
26266,224
26267,217
26268,211
26269,247
26270,249
26271,252
26272,251
26273,238
26274,233
26275,248
26276,205
26277,235
26278,196
26279,242
26280,283
26281,249
26282,288
26283,248
26284,265
26285,268
26286,272
26287,234
26288,215
26289,213
26290,233
26291,227
26292,232
26293,225
26294,219
26295,232
26296,260
26297,277
26298,253
26299,257
26300,237
26301,250
26302,246
26303,250
26856,269
26857,337
26858,318
26859,251
26860,255
26861,326
26862,379
26863,271
26864,328
26865,335
26866,283
26867,288
26868,283
26869,225
26870,236
26871,220
26872,214
26873,210
26874,220
26875,207
26876,257
26877,256
26878,276
26879,272
26880,215
26881,216
26882,226
26883,238
26884,241
26885,234
26886,236
26887,221
26888,245
26889,192
26890,214
26891,233
26892,214
26893,219
26894,207
26895,249
26896,240
26897,212
26898,255
26899,226
26900,271
26901,243
26902,328
26903,303
26904,259
26905,226
26906,285
26907,235
26908,227
26909,233
26910,243
26911,228
26912,279
26913,219
26914,173
26915,201
26916,198
26917,185
26918,190
26919,201
26920,220
26921,145
26922,194
26923,220
26924,239
26925,236
26926,231
26927,238
26928,199
26929,325
26930,297
26931,262
26932,229
26933,241
26934,273
26935,226
26936,221
26937,254
26938,280
26939,245
26940,228
26941,217
26942,199
26943,206
26944,201
26945,247
26946,175
26947,156
26948,185
26949,222
26950,226
26951,182
26952,173
26953,200
26954,162
26955,145
26956,204
26957,223
26958,158
26959,146
26960,198
26961,191
26962,193
26963,182
26964,207
26965,189
26966,208
26967,171
26968,185
26969,194
26970,161
26971,178
26972,168
26973,203
26974,224
26975,224
26976,217
26977,308
26978,284
26979,282
26980,214
26981,288
26982,337
26983,319
26984,282
26985,326
26986,287
26987,326
26988,330
26989,335
26990,344
26991,312
26992,366
26993,303
26994,371
26995,308
26996,321
26997,319
26998,321
26999,254
27000,331
27001,427
27002,338
27003,404
27004,278
27005,340
27006,245
27007,249
27008,242
27009,214
27010,242
27011,205
27012,220
27013,245
27014,200
27015,238
27016,205
27017,192
27018,224
27019,259
27020,380
27021,354
27022,348
27023,368
27024,230
27025,214
27026,195
27027,224
27028,217
27029,263
27030,203
27031,247
27032,296
27033,274
27034,266
27035,248
27036,234
27037,197
27038,265
27039,245
27040,247
27041,252
27042,242
27043,275
27044,243
27045,251
27046,239
27047,274
27600,340
27601,342
27602,344
27603,337
27604,343
27605,368
27606,379
27607,395
27608,348
27609,374
27610,365
27611,309
27612,354
27613,349
27614,254
27615,254
27616,317
27617,247
27618,231
27619,295
27620,334
27621,342
27622,310
27623,319
27624,404
27625,346
27626,404
27627,406
27628,438
27629,410
27630,427
27631,377
27632,359
27633,337
27634,344
27635,341
27636,330
27637,343
27638,314
27639,353
27640,331
27641,341
27642,376
27643,393
27644,330
27645,331
27646,369
27647,337
27648,264
27649,287
27650,262
27651,314
27652,291
27653,292
27654,308
27655,267
27656,277
27657,301
27658,271
27659,304
27660,285
27661,287
27662,306
27663,277
27664,289
27665,305
27666,301
27667,311
27668,310
27669,304
27670,283
27671,311
27672,174
27673,150
27674,180
27675,171
27676,171
27677,167
27678,172
27679,171
27680,179
27681,181
27682,191
27683,175
27684,162
27685,152
27686,160
27687,176
27688,187
27689,195
27690,181
27691,221
27692,203
27693,189
27694,194
27695,205
27696,278
27697,216
27698,241
27699,265
27700,289
27701,227
27702,327
27703,287
27704,325
27705,261
27706,276
27707,272
27708,265
27709,232
27710,229
27711,228
27712,254
27713,229
27714,224
27715,327
27716,281
27717,235
27718,275
27719,308
27720,344
27721,358
27722,327
27723,318
27724,335
27725,398
27726,353
27727,351
27728,263
27729,315
27730,250
27731,230
27732,222
27733,226
27734,216
27735,268
27736,247
27737,237
27738,250
27739,263
27740,240
27741,254
27742,244
27743,269
27744,410
27745,402
27746,365
27747,442
27748,390
27749,424
27750,433
27751,405
27752,382
27753,371
27754,345
27755,314
27756,301
27757,332
27758,348
27759,311
27760,288
27761,313
27762,284
27763,317
27764,332
27765,316
27766,371
27767,368
27768,259
27769,234
27770,267
27771,265
27772,273
27773,240
27774,288
27775,232
27776,230
27777,265
27778,260
27779,263
27780,251
27781,238
27782,227
27783,258
27784,205
27785,266
27786,250
27787,281
27788,276
27789,262
27790,227
27791,208
28344,279
28345,280
28346,323
28347,346
28348,282
28349,272
28350,298
28351,334
28352,276
28353,284
28354,287
28355,284
28356,331
28357,350
28358,333
28359,337
28360,300
28361,336
28362,328
28363,305
28364,313
28365,292
28366,299
28367,287
28368,306
28369,283
28370,276
28371,258
28372,293
28373,266
28374,291
28375,271
28376,299
28377,323
28378,314
28379,304
28380,299
28381,292
28382,323
28383,317
28384,301
28385,361
28386,369
28387,373
28388,367
28389,322
28390,321
28391,315
28392,351
28393,352
28394,307
28395,347
28396,308
28397,315
28398,341
28399,333
28400,357
28401,385
28402,315
28403,328
28404,297
28405,307
28406,293
28407,310
28408,297
28409,307
28410,321
28411,304
28412,316
28413,308
28414,320
28415,320
28416,256
28417,264
28418,242
28419,272
28420,275
28421,267
28422,279
28423,265
28424,261
28425,249
28426,236
28427,259
28428,243
28429,279
28430,246
28431,239
28432,248
28433,258
28434,253
28435,261
28436,301
28437,310
28438,318
28439,330
28440,307
28441,324
28442,317
28443,334
28444,337
28445,297
28446,331
28447,339
28448,449
28449,423
28450,414
28451,410
28452,406
28453,494
28454,450
28455,422
28456,443
28457,424
28458,406
28459,451
28460,469
28461,514
28462,494
28463,568
28464,390
28465,396
28466,369
28467,386
28468,377
28469,397
28470,365
28471,380
28472,395
28473,386
28474,351
28475,353
28476,346
28477,300
28478,271
28479,294
28480,254
28481,312
28482,311
28483,337
28484,282
28485,329
28486,378
28487,329
28488,382
28489,395
28490,410
28491,376
28492,409
28493,417
28494,423
28495,421
28496,407
28497,370
28498,347
28499,356
28500,387
28501,323
28502,350
28503,341
28504,369
28505,410
28506,384
28507,348
28508,302
28509,333
28510,314
28511,336
29064,381
29065,424
29066,402
29067,393
29068,373
29069,446
29070,419
29071,441
29072,415
29073,421
29074,411
29075,405
29076,394
29077,372
29078,362
29079,325
29080,347
29081,343
29082,324
29083,329
29084,384
29085,478
29086,468
29087,483
29088,375
29089,387
29090,391
29091,364
29092,307
29093,369
29094,326
29095,343
29096,314
29097,330
29098,282
29099,259
29100,276
29101,292
29102,269
29103,260
29104,270
29105,282
29106,280
29107,262
29108,242
29109,273
29110,233
29111,234
29112,277
29113,250
29114,271
29115,320
29116,310
29117,273
29118,297
29119,276
29120,290
29121,317
29122,316
29123,280
29124,274
29125,263
29126,261
29127,257
29128,276
29129,254
29130,253
29131,217
29132,184
29133,228
29134,230
29135,244
29136,270
29137,274
29138,257
29139,269
29140,279
29141,291
29142,299
29143,280
29144,253
29145,251
29146,247
29147,239
29148,246
29149,262
29150,273
29151,249
29152,249
29153,263
29154,273
29155,232
29156,250
29157,258
29158,244
29159,238
29160,254
29161,276
29162,257
29163,292
29164,291
29165,325
29166,331
29167,323
29168,274
29169,286
29170,315
29171,368
29172,291
29173,332
29174,319
29175,316
29176,316
29177,293
29178,261
29179,275
29180,260
29181,254
29182,306
29183,258
29184,364
29185,325
29186,326
29187,308
29188,300
29189,312
29190,301
29191,315
29192,308
29193,359
29194,398
29195,364
29196,382
29197,342
29198,339
29199,366
29200,324
29201,328
29202,317
29203,348
29204,302
29205,314
29206,302
29207,325
29208,289
29209,350
29210,363
29211,328
29212,319
29213,283
29214,294
29215,266
29216,266
29217,259
29218,257
29219,250
29220,266
29221,271
29222,288
29223,280
29224,334
29225,330
29226,324
29227,340
29228,388
29229,372
29230,290
29231,419
29232,345
29233,364
29234,357
29235,353
29236,380
29237,356
29238,383
29239,368
29240,381
29241,338
29242,358
29243,356
29244,369
29245,389
29246,377
29247,362
29248,290
29249,299
29250,246
29251,221
29252,257
29253,237
29254,266
29255,255
29808,609
29809,655
29810,610
29811,660
29812,660
29813,684
29814,629
29815,686
29816,587
29817,618
29818,566
29819,580
29820,505
29821,522
29822,545
29823,549
29824,538
29825,508
29826,511
29827,500
29828,505
29829,571
29830,543
29831,618
29832,219
29833,249
29834,250
29835,253
29836,255
29837,253
29838,272
29839,303
29840,319
29841,333
29842,306
29843,298
29844,308
29845,312
29846,303
29847,339
29848,321
29849,264
29850,249
29851,276
29852,302
29853,282
29854,289
29855,286
29856,272
29857,243
29858,325
29859,261
29860,257
29861,264
29862,312
29863,300
29864,282
29865,270
29866,260
29867,241
29868,247
29869,250
29870,262
29871,242
29872,274
29873,268
29874,267
29875,305
29876,293
29877,337
29878,280
29879,281
29880,230
29881,257
29882,268
29883,254
29884,265
29885,253
29886,284
29887,243
29888,235
29889,223
29890,241
29891,246
29892,237
29893,243
29894,245
29895,276
29896,249
29897,241
29898,258
29899,280
29900,250
29901,258
29902,260
29903,255
29904,299
29905,268
29906,317
29907,287
29908,273
29909,331
29910,288
29911,334
29912,299
29913,261
29914,314
29915,254
29916,302
29917,305
29918,328
29919,298
29920,292
29921,293
29922,321
29923,284
29924,296
29925,315
29926,320
29927,296
29928,361
29929,405
29930,368
29931,349
29932,380
29933,366
29934,353
29935,363
29936,359
29937,353
29938,353
29939,381
29940,323
29941,327
29942,339
29943,380
29944,352
29945,358
29946,339
29947,371
29948,378
29949,377
29950,372
29951,402
29952,357
29953,337
29954,352
29955,361
29956,336
29957,344
29958,338
29959,351
29960,351
29961,353
29962,366
29963,339
29964,358
29965,351
29966,337
29967,345
29968,347
29969,352
29970,325
29971,334
29972,348
29973,337
29974,327
29975,314
30528,318
30529,319
30530,315
30531,322
30532,353
30533,322
30534,327
30535,314
30536,311
30537,356
30538,341
30539,406
30540,322
30541,312
30542,323
30543,305
30544,323
30545,314
30546,329
30547,352
30548,323
30549,317
30550,343
30551,376
30552,249
30553,301
30554,318
30555,243
30556,278
30557,265
30558,273
30559,284
30560,265
30561,273
30562,303
30563,280
30564,240
30565,280
30566,269
30567,283
30568,292
30569,265
30570,284
30571,299
30572,296
30573,299
30574,311
30575,280
30576,230
30577,226
30578,200
30579,205
30580,198
30581,211
30582,237
30583,222
30584,220
30585,214
30586,226
30587,211
30588,227
30589,183
30590,203
30591,203
30592,229
30593,213
30594,221
30595,239
30596,247
30597,228
30598,232
30599,237
30600,250
30601,246
30602,235
30603,244
30604,255
30605,227
30606,229
30607,236
30608,239
30609,274
30610,211
30611,230
30612,232
30613,241
30614,252
30615,242
30616,283
30617,286
30618,311
30619,260
30620,244
30621,287
30622,275
30623,234
30624,339
30625,330
30626,328
30627,329
30628,295
30629,290
30630,334
30631,280
30632,312
30633,369
30634,327
30635,317
30636,297
30637,306
30638,295
30639,311
30640,275
30641,364
30642,298
30643,306
30644,273
30645,320
30646,272
30647,259
30648,277
30649,283
30650,305
30651,300
30652,359
30653,342
30654,323
30655,298
30656,318
30657,348
30658,350
30659,347
30660,361
30661,372
30662,407
30663,433
30664,381
30665,316
30666,328
30667,331
30668,333
30669,305
30670,361
30671,359
30672,306
30673,359
30674,309
30675,368
30676,315
30677,326
30678,320
30679,322
30680,331
30681,373
30682,329
30683,337
30684,331
30685,326
30686,315
30687,364
30688,376
30689,329
30690,378
30691,332
30692,355
30693,326
30694,340
30695,380
30696,308
30697,308
30698,303
30699,300
30700,313
30701,308
30702,307
30703,350
30704,325
30705,355
30706,323
30707,367
30708,345
30709,349
30710,326
30711,346
30712,348
30713,334
30714,389
30715,373
30716,344
30717,325
30718,352
30719,352
31272,301
31273,283
31274,291
31275,274
31276,254
31277,268
31278,253
31279,252
31280,245
31281,235
31282,230
31283,243
31284,222
31285,251
31286,253
31287,264
31288,256
31289,235
31290,274
31291,306
31292,271
31293,298
31294,312
31295,258
31296,292
31297,289
31298,334
31299,306
31300,310
31301,321
31302,309
31303,312
31304,321
31305,284
31306,269
31307,337
31308,238
31309,282
31310,279
31311,284
31312,252
31313,259
31314,263
31315,301
31316,300
31317,335
31318,337
31319,333
31320,364
31321,379
31322,415
31323,372
31324,420
31325,386
31326,379
31327,409
31328,384
31329,394
31330,394
31331,378
31332,421
31333,417
31334,378
31335,401
31336,388
31337,371
31338,382
31339,369
31340,359
31341,382
31342,379
31343,295
31344,249
31345,270
31346,292
31347,289
31348,314
31349,291
31350,284
31351,290
31352,301
31353,304
31354,302
31355,270
31356,261
31357,324
31358,316
31359,333
31360,333
31361,307
31362,304
31363,287
31364,278
31365,313
31366,286
31367,305
31368,297
31369,302
31370,287
31371,296
31372,268
31373,352
31374,316
31375,352
31376,359
31377,372
31378,374
31379,378
31380,375
31381,357
31382,346
31383,374
31384,386
31385,369
31386,392
31387,376
31388,393
31389,390
31390,389
31391,356
31392,394
31393,398
31394,381
31395,401
31396,398
31397,397
31398,405
31399,390
31400,410
31401,387
31402,412
31403,380
31404,402
31405,375
31406,412
31407,396
31408,400
31409,408
31410,440
31411,424
31412,444
31413,405
31414,425
31415,447
31416,395
31417,386
31418,368
31419,364
31420,386
31421,387
31422,380
31423,399
31424,396
31425,384
31426,386
31427,371
31428,342
31429,457
31430,355
31431,391
31432,365
31433,391
31434,383
31435,380
31436,346
31437,404
31438,393
31439,348
31440,398
31441,421
31442,419
31443,403
31444,418
31445,395
31446,411
31447,401
31448,419
31449,389
31450,410
31451,408
31452,419
31453,357
31454,365
31455,390
31456,408
31457,426
31458,428
31459,424
31460,384
31461,401
31462,431
31463,418
32016,297
32017,268
32018,300
32019,292
32020,282
32021,304
32022,294
32023,277
32024,300
32025,293
32026,269
32027,241
32028,285
32029,245
32030,291
32031,280
32032,225
32033,274
32034,273
32035,289
32036,267
32037,292
32038,285
32039,292
32040,513
32041,505
32042,498
32043,518
32044,546
32045,556
32046,492
32047,490
32048,438
32049,457
32050,404
32051,355
32052,279
32053,281
32054,298
32055,289
32056,242
32057,252
32058,259
32059,255
32060,240
32061,290
32062,278
32063,259
32064,309
32065,357
32066,300
32067,343
32068,366
32069,305
32070,350
32071,312
32072,354
32073,306
32074,312
32075,364
32076,311
32077,324
32078,330
32079,363
32080,316
32081,336
32082,326
32083,370
32084,344
32085,330
32086,334
32087,365
32088,286
32089,271
32090,283
32091,285
32092,285
32093,303
32094,309
32095,295
32096,297
32097,319
32098,309
32099,359
32100,341
32101,364
32102,346
32103,355
32104,304
32105,304
32106,288
32107,281
32108,277
32109,298
32110,294
32111,264
32112,265
32113,277
32114,264
32115,256
32116,280
32117,249
32118,269
32119,236
32120,238
32121,282
32122,284
32123,294
32124,298
32125,283
32126,307
32127,297
32128,306
32129,255
32130,281
32131,267
32132,276
32133,307
32134,294
32135,287
32688,310
32689,297
32690,292
32691,291
32692,245
32693,283
32694,283
32695,276
32696,276
32697,255
32698,301
32699,296
32700,307
32701,304
32702,318
32703,281
32704,271
32705,245
32706,306
32707,290
32708,277
32709,316
32710,325
32711,277
32712,302
32713,323
32714,305
32715,319
32716,314
32717,306
32718,331
32719,308
32720,334
32721,306
32722,298
32723,335
32724,368
32725,340
32726,319
32727,367
32728,336
32729,339
32730,350
32731,353
32732,348
32733,340
32734,339
32735,317
32736,325
32737,331
32738,345
32739,344
32740,409
32741,346
32742,300
32743,329
32744,312
32745,349
32746,375
32747,393
32748,366
32749,380
32750,351
32751,385
32752,346
32753,407
32754,389
32755,339
32756,354
32757,348
32758,398
32759,349
32760,256
32761,247
32762,238
32763,233
32764,254
32765,248
32766,219
32767,239
32768,213
32769,257
32770,225
32771,225
32772,242
32773,240
32774,257
32775,214
32776,234
32777,240
32778,249
32779,268
32780,261
32781,268
32782,284
32783,256
32784,275
32785,245
32786,269
32787,259
32788,300
32789,268
32790,261
32791,242
32792,283
32793,310
32794,282
32795,258
32796,247
32797,296
32798,263
32799,260
32800,278
32801,291
32802,305
32803,302
32804,301
32805,330
32806,276
32807,265
32808,285
32809,296
32810,281
32811,292
32812,281
32813,300
32814,322
32815,304
32816,312
32817,304
32818,267
32819,297
32820,290
32821,273
32822,257
32823,281
32824,282
32825,254
32826,270
32827,297
32828,288
32829,263
32830,300
32831,286
32832,290
32833,364
32834,388
32835,362
32836,318
32837,283
32838,289
32839,312
32840,356
32841,349
32842,372
32843,357
32844,429
32845,427
32846,387
32847,449
32848,411
32849,425
32850,379
32851,432
32852,399
32853,487
32854,421
32855,439
32856,424
32857,467
32858,444
32859,454
32860,433
32861,399
32862,398
32863,423
32864,388
32865,358
32866,357
32867,332
32868,373
32869,340
32870,374
32871,342
32872,399
32873,328
32874,342
32875,413
32876,387
32877,345
32878,363
32879,348
33432,291
33433,316
33434,293
33435,322
33436,273
33437,309
33438,311
33439,269
33440,302
33441,310
33442,289
33443,284
33444,282
33445,298
33446,314
33447,293
33448,303
33449,287
33450,282
33451,296
33452,291
33453,282
33454,290
33455,311
33456,330
33457,323
33458,315
33459,301
33460,303
33461,333
33462,361
33463,343
33464,340
33465,346
33466,307
33467,308
33468,320
33469,334
33470,327
33471,334
33472,228
33473,277
33474,285
33475,254
33476,261
33477,245
33478,233
33479,251
33480,174
33481,232
33482,235
33483,231
33484,201
33485,219
33486,253
33487,292
33488,262
33489,229
33490,256
33491,255
33492,233
33493,227
33494,243
33495,234
33496,259
33497,293
33498,301
33499,214
33500,226
33501,225
33502,236
33503,275
33504,259
33505,258
33506,226
33507,244
33508,237
33509,271
33510,274
33511,232
33512,188
33513,219
33514,219
33515,231
33516,204
33517,215
33518,222
33519,198
33520,209
33521,220
33522,189
33523,211
33524,214
33525,232
33526,224
33527,229
33528,231
33529,208
33530,227
33531,253
33532,255
33533,242
33534,208
33535,227
33536,210
33537,205
33538,215
33539,237
33540,206
33541,238
33542,229
33543,220
33544,208
33545,232
33546,215
33547,240
33548,242
33549,228
33550,226
33551,223
33552,363
33553,361
33554,369
33555,330
33556,350
33557,363
33558,419
33559,364
33560,373
33561,365
33562,361
33563,353
33564,349
33565,358
33566,355
33567,346
33568,369
33569,357
33570,344
33571,377
33572,322
33573,376
33574,376
33575,358
33576,349
33577,349
33578,339
33579,356
33580,383
33581,361
33582,357
33583,351
33584,334
33585,307
33586,338
33587,352
33588,304
33589,324
33590,362
33591,341
33592,342
33593,353
33594,301
33595,332
33596,306
33597,360
33598,305
33599,345
34152,363
34153,306
34154,310
34155,324
34156,338
34157,293
34158,400
34159,310
34160,286
34161,264
34162,261
34163,224
34164,227
34165,227
34166,216
34167,222
34168,251
34169,245
34170,307
34171,258
34172,331
34173,302
34174,330
34175,294
34176,267
34177,277
34178,303
34179,302
34180,315
34181,263
34182,277
34183,309
34184,301
34185,334
34186,286
34187,300
34188,288
34189,290
34190,262
34191,280
34192,279
34193,300
34194,316
34195,296
34196,289
34197,305
34198,284
34199,298
34200,261
34201,281
34202,284
34203,288
34204,306
34205,267
34206,273
34207,334
34208,291
34209,268
34210,289
34211,261
34212,245
34213,232
34214,261
34215,248
34216,240
34217,243
34218,273
34219,273
34220,274
34221,335
34222,277
34223,285
34224,278
34225,273
34226,262
34227,251
34228,191
34229,215
34230,197
34231,190
34232,182
34233,182
34234,178
34235,202
34236,196
34237,190
34238,186
34239,225
34240,205
34241,216
34242,199
34243,214
34244,187
34245,252
34246,191
34247,206
34248,193
34249,231
34250,165
34251,196
34252,178
34253,265
34254,293
34255,253
34256,346
34257,283
34258,202
34259,191
34260,200
34261,187
34262,198
34263,188
34264,176
34265,246
34266,222
34267,253
34268,321
34269,342
34270,256
34271,242
34272,477
34273,564
34274,566
34275,525
34276,598
34277,559
34278,480
34279,584
34280,477
34281,406
34282,497
34283,491
34284,442
34285,440
34286,464
34287,429
34288,469
34289,474
34290,418
34291,489
34292,450
34293,428
34294,406
34295,401
34296,388
34297,378
34298,373
34299,397
34300,425
34301,389
34302,371
34303,384
34304,404
34305,316
34306,303
34307,268
34308,258
34309,257
34310,260
34311,240
34312,258
34313,249
34314,262
34315,272
34316,230
34317,257
34318,256
34319,254
34320,247
34321,259
34322,281
34323,270
34324,268
34325,269
34326,286
34327,256
34328,315
34329,333
34330,312
34331,329
34332,361
34333,351
34334,370
34335,331
34336,334
34337,374
34338,366
34339,376
34340,382
34341,389
34342,389
34343,403
34896,273
34897,274
34898,275
34899,268
34900,297
34901,322
34902,276
34903,231
34904,255
34905,264
34906,295
34907,249
34908,240
34909,247
34910,281
34911,265
34912,236
34913,341
34914,282
34915,299
34916,321
34917,305
34918,295
34919,328
34920,366
34921,387
34922,404
34923,417
34924,358
34925,437
34926,379
34927,407
34928,453
34929,406
34930,423
34931,385
34932,416
34933,456
34934,455
34935,412
34936,436
34937,451
34938,358
34939,313
34940,360
34941,380
34942,332
34943,314
34944,353
34945,340
34946,332
34947,231
34948,310
34949,282
34950,288
34951,312
34952,346
34953,360
34954,312
34955,265
34956,254
34957,252
34958,213
34959,204
34960,235
34961,257
34962,200
34963,284
34964,254
34965,271
34966,295
34967,292
34968,237
34969,251
34970,202
34971,224
34972,243
34973,211
34974,292
34975,331
34976,258
34977,249
34978,194
34979,189
34980,187
34981,185
34982,234
34983,251
34984,201
34985,174
34986,190
34987,193
34988,187
34989,209
34990,242
34991,334
34992,583
34993,434
34994,231
34995,306
34996,268
34997,264
34998,233
34999,175
35000,212
35001,259
35002,294
35003,246
35004,225
35005,245
35006,179
35007,219
35008,218
35009,203
35010,187
35011,190
35012,205
35013,249
35014,302
35015,263
35016,325
35017,299
35018,258
35019,253
35020,379
35021,395
35022,370
35023,360
35024,313
35025,253
35026,257
35027,238
35028,257
35029,258
35030,221
35031,214
35032,235
35033,242
35034,298
35035,253
35036,274
35037,241
35038,213
35039,212
35040,270
35041,244
35042,259
35043,292
35044,316
35045,291
35046,238
35047,240
35048,234
35049,254
35050,259
35051,244
35052,263
35053,242
35054,259
35055,258
35056,264
35057,243
35058,239
35059,249
35060,266
35061,252
35062,243
35063,249
